year,region,zona,porc_de_hogares_con_hacinamiento,porc_de_hogares_con_materialidad_aceptable,porc_de_hogares_con_saneamiento_aceptable,porc_de_hogares_con_energia_electricidad,porc_de_hogares_con_sistema_eliminacion_de_excretas,porc_de_hogares_con_agua_dentro_de_la_vivienda,porc_de_hogares_propietarios,porc_de_hogares_biparental,tasa_neta_de_educ_pre_escolar,tasa_neta_de_educ_basica,tasa_neta_de_educ_media,tasa_neta_de_educ_superior,tasa_bruta_de_educ_pre_escolar,tasa_bruta_de_educ_basica,tasa_bruta_de_educ_media,tasa_bruta_de_educ_superior,prom_de_escolaridad,tasa_de_analfabetismo,porc_de_asistencia_a_establecimiento_municipal,porc_de_asistencia_a_establecimiento_educal,tasa_de_participacion,tasa_de_desocupacion,tasa_de_ocupacion,tasa_de_inactividad,porc_trabajadores_con_contrato_trabajo,porc_de_trabajadores_cotizando,porc_de_trabajadores_asalariados,porc_pob_de_0_a_4_agnos,porc_de_pob_menor_de_18_agnos,porc_pob_joven,porc_pob_adulto_mayor,prom_de_personas_por_hogar,porc_de_pob_en_sistema_publico_de_salud,porc_de_mujeres_que_se_han_realizado_el_pap,porc_de_menores_de_6_agnos_con_sobrepeso_u_obeso,porc_pob_pobre,porc_hogares_pobres,porc_familias_pobres,porc_pob_con_telefono_movil,porc_hogares_con_internet,porc_hogares_con_computador,porc_pob_que_pertenece_a_etnia,porc_pob_accede_a_computador,porc_pob_accede_a_internet,porc_de_pob_con_discapacidad,prom_de_ingreso_autonomo_del_hogar,prom_ingreso_monetario_del_hogar,prom_de_ingreso_ocupacion_principal_de_los_ocupados
1990,I,R,24.61,14.05,26.68,65.73,40.09,79.40,43.42,47.38,20.15,91.82,43.55,1.43,29.05,100.55,56.55,1.43,7.70,5.41,72.33,52.84,64.39,3.45,62.17,35.61,78.79,,61.8,10.4,32.1,18.5,14.4,3.1,80.4,43.7,5.7,22.7,16.0,15.3,,,,,,,,111154,112036,54961
1992,I,R,31.79,13.58,39.40,85.76,41.06,94.04,44.70,53.97,15.92,86.75,51.67,2.75,26.75,100.00,66.67,2.75,7.54,4.42,43.82,51.02,54.13,3.68,52.14,45.87,86.08,46.2,69.1,12.6,36.7,17.3,11.8,3.4,76.1,64.0,3.8,35.2,28.5,26.2,,,,,,,,159964,161155,96858
1994,I,R,32.64,17.90,46.08,91.71,47.54,90.25,51.19,62.46,14.18,89.77,37.85,5.70,20.73,103.12,57.19,5.70,7.44,8.43,82.32,53.99,52.43,6.85,48.84,47.57,56.62,49.4,59.2,13.5,43.7,17.7,8.3,3.9,76.7,49.7,2.8,41.0,31.5,31.7,,,,,,,,157653,160084,112934
1996,I,R,38.96,9.37,21.45,78.36,21.45,96.14,61.62,57.10,8.52,92.15,45.58,9.57,12.49,103.91,59.82,12.70,6.36,16.18,80.29,54.19,59.38,3.20,57.48,40.62,68.92,29.1,39.0,11.5,41.5,16.9,11.9,4.0,79.0,48.8,3.4,38.4,28.7,28.2,,,,57.4,,,7.4,213013,219254,124535
1998,I,R,30.64,13.58,30.49,87.94,30.49,94.31,51.95,47.60,22.02,93.06,46.33,6.76,28.17,105.65,69.30,8.83,7.44,8.57,62.32,59.06,62.68,3.42,60.54,37.32,58.49,31.9,54.4,10.4,36.5,16.4,13.8,3.2,68.6,59.8,6.4,21.4,13.8,14.6,,,,,,,,272899,277505,166531
2000,I,R,28.87,19.67,44.69,91.20,44.69,95.79,52.58,51.11,24.35,93.75,52.55,4.89,26.95,108.73,70.26,6.81,7.68,10.34,57.87,57.37,65.06,3.71,62.64,34.94,65.28,34.7,52.0,9.9,33.8,16.8,15.6,3.3,72.5,48.8,6.6,27.3,19.6,19.4,8.4,0.8,3.2,44.7,21.4,32.4,12.3,304677,311885,183192
2003,I,R,26.21,21.04,43.22,89.15,43.22,96.12,49.05,50.73,28.46,95.25,66.67,7.00,33.49,104.34,88.52,8.51,7.80,9.88,68.43,61.12,62.15,5.59,58.68,37.85,55.38,34.8,54.2,8.2,32.8,16.4,15.9,3.3,87.3,49.6,6.4,23.4,15.4,15.5,15.0,0.6,3.6,50.4,24.7,43.8,3.9,268621,279310,177546
2006,I,R,20.63,21.13,50.81,92.09,50.81,97.76,63.32,45.70,48.45,90.55,58.42,9.13,55.25,104.95,81.11,14.14,7.90,9.03,41.39,63.45,58.39,3.81,56.16,41.61,72.47,29.2,37.2,9.0,30.1,16.0,18.7,3.0,84.6,46.1,5.0,12.9,8.1,7.4,30.6,1.0,5.6,50.7,20.2,83.5,11.4,347889,356507,205239
2009,I,R,14.18,27.07,56.50,93.86,56.50,96.75,60.18,48.43,47.08,96.45,77.17,21.56,52.63,104.99,104.41,35.01,8.31,8.98,35.78,73.73,52.79,5.64,49.81,47.21,83.93,26.1,44.8,6.8,26.0,13.1,26.6,2.8,87.9,40.5,20.2,8.2,5.9,5.7,42.6,7.2,16.7,46.2,26.0,76.3,10.1,494289,525377,337575
1990,II,R,35.11,29.87,32.79,79.87,34.32,82.06,35.20,49.77,16.14,84.83,28.35,0.00,25.10,95.08,34.02,0.00,6.73,11.75,60.14,44.49,63.30,4.89,60.20,36.70,77.54,,60.7,13.4,38.6,20.7,7.9,3.4,77.6,33.3,1.8,28.6,21.5,23.8,,,,,,,,102674,103825,61212
1992,II,R,28.61,21.14,36.57,77.36,40.30,85.93,45.77,43.28,16.50,81.96,35.62,2.94,23.30,92.78,52.05,2.94,7.04,13.04,48.88,44.01,56.08,3.78,53.96,43.92,90.97,49.2,65.9,12.5,35.9,17.5,11.5,3.3,59.7,43.2,3.9,30.5,22.6,24.6,,,,,,,,158140,159342,101949
1994,II,R,29.88,2.78,18.45,71.59,18.69,94.76,71.06,32.29,9.47,80.85,9.24,1.32,12.76,88.92,17.65,1.32,5.49,24.33,91.90,41.42,65.19,3.66,62.81,34.81,74.50,49.0,57.2,10.4,37.3,14.7,19.1,3.2,90.9,28.3,1.2,41.3,28.9,30.7,,,,,,,,120000,122661,70473
1996,II,R,33.30,23.55,45.37,79.50,45.37,96.86,42.60,49.20,16.99,84.98,44.11,10.78,26.73,98.43,59.51,14.34,7.74,10.98,58.85,52.82,58.04,4.94,55.17,41.96,75.00,46.6,65.1,11.3,37.5,19.0,11.1,3.9,62.8,53.7,10.3,22.8,17.8,19.8,,,,37.9,,,2.8,294685,298524,171794
1998,II,R,33.47,11.92,40.65,83.20,40.65,91.46,55.33,39.75,31.37,92.69,44.53,4.93,38.51,102.88,61.19,6.09,7.37,10.07,58.54,53.66,65.93,6.91,61.38,34.07,74.02,35.6,57.7,10.1,32.4,21.4,14.9,3.5,61.9,50.1,14.9,13.4,9.9,10.1,,,,,,,,305180,309939,186486
2000,II,R,23.96,17.72,50.33,77.37,50.33,98.94,53.51,36.35,29.59,90.25,39.46,3.28,36.69,104.88,74.70,4.07,7.51,8.88,50.07,54.16,63.35,6.20,59.42,36.65,71.38,37.8,46.8,9.1,30.2,20.3,15.1,3.1,74.2,44.5,10.4,12.5,8.6,9.6,10.8,0.7,3.9,49.5,20.1,37.2,3.8,312918,318308,194813
2003,II,R,22.18,14.67,54.35,80.93,54.35,98.34,57.90,38.49,25.88,90.51,61.81,13.16,34.32,101.13,75.66,15.74,7.81,8.55,47.53,56.74,63.70,5.79,60.01,36.30,79.00,41.6,50.7,9.5,32.9,18.4,16.3,3.5,78.9,44.6,12.8,7.1,4.9,5.5,25.7,2.7,8.5,55.7,34.1,42.5,5.5,450719,460618,239801
2006,II,R,22.55,29.57,71.04,93.85,71.04,99.70,66.27,36.08,33.14,93.68,68.76,13.46,37.80,103.25,99.61,16.53,8.44,10.30,50.24,61.85,61.47,4.22,58.87,38.53,87.94,59.0,65.4,9.9,34.0,20.3,14.2,3.8,79.6,46.9,4.9,4.4,3.9,3.9,51.0,5.6,20.3,53.6,36.2,76.0,5.1,741981,752618,320786
2009,II,R,14.12,34.79,67.84,94.12,67.84,98.05,69.04,35.28,31.44,89.76,73.53,17.97,42.96,106.09,93.19,22.05,9.20,7.05,40.84,63.02,57.61,7.22,53.45,42.39,83.03,49.1,58.7,7.3,29.1,19.5,14.7,3.6,81.7,49.4,6.3,7.8,6.1,6.8,57.9,13.0,25.6,54.4,33.9,88.7,5.4,764589,786829,419662
1990,III,R,30.08,18.64,9.32,68.64,13.98,76.20,32.20,41.95,3.20,85.83,44.23,2.25,8.00,97.64,61.54,2.25,6.06,14.50,88.69,42.75,53.50,6.54,50.00,46.50,75.62,,68.3,12.4,35.1,19.1,13.3,3.7,82.7,41.3,2.4,35.0,25.4,24.8,,,,,,,,133521,135670,68792
1992,III,R,36.15,16.41,14.62,85.13,17.69,88.69,47.18,45.38,16.58,87.20,20.55,1.36,21.76,105.21,35.62,2.04,6.59,7.42,89.38,46.79,53.50,7.81,49.32,46.50,70.39,46.0,65.0,11.1,34.4,20.2,12.9,3.6,77.3,67.0,1.0,31.7,22.6,22.0,,,,,,,,132100,134669,80404
1994,III,R,23.22,22.67,27.15,78.03,28.86,89.62,55.16,45.03,9.77,94.06,23.40,6.20,14.46,115.27,30.33,6.20,6.79,9.64,84.20,49.99,53.16,2.68,51.73,46.84,63.64,70.4,64.0,10.7,36.4,18.8,12.0,3.6,83.9,56.4,8.2,41.4,32.1,34.5,,,,,,,,128855,132853,81183
1996,III,R,30.56,16.32,26.02,88.98,26.02,92.59,41.00,52.16,9.09,90.38,35.28,0.35,15.32,101.77,44.92,0.35,6.56,11.65,87.28,47.98,59.34,2.40,57.91,40.66,79.58,67.7,81.5,11.2,37.8,16.9,10.1,3.7,82.5,56.4,10.6,28.3,19.1,19.6,,,,2.7,,,4.7,270556,276398,160192
1998,III,R,25.51,29.20,31.45,83.83,31.45,91.79,56.07,44.77,26.22,88.34,50.22,6.48,37.05,102.86,61.66,7.46,6.74,12.92,85.31,55.89,53.62,6.91,49.92,46.38,75.52,56.5,68.7,9.0,33.3,17.1,13.9,3.6,83.0,59.9,6.7,24.1,17.1,16.7,,,,,,,,243843,251917,146523
2000,III,R,28.48,22.75,37.86,94.11,37.86,95.58,61.59,47.92,25.88,93.42,53.00,3.06,32.19,107.97,74.90,3.55,7.40,8.69,83.15,58.49,53.67,6.80,50.02,46.33,79.03,58.0,72.2,8.8,34.8,19.9,11.9,4.1,86.5,54.8,11.7,21.3,15.5,16.7,5.1,0.8,2.1,1.7,18.3,41.9,6.5,294887,305762,162974
2003,III,R,21.17,18.65,46.57,92.15,46.57,96.66,66.77,51.10,27.04,95.31,52.56,7.34,31.16,112.25,69.25,10.12,7.52,9.34,83.35,58.06,53.10,8.82,48.42,46.90,85.17,60.7,71.3,9.4,33.5,17.8,13.0,3.7,87.5,60.7,14.2,18.4,15.2,13.8,15.5,1.4,4.2,2.2,26.6,50.9,4.8,267785,284252,170570
2006,III,R,16.17,33.63,50.77,93.34,50.77,95.79,56.99,47.77,24.13,94.25,78.43,11.46,27.80,104.03,98.89,15.37,8.20,7.65,79.49,60.10,59.37,4.50,56.69,40.63,86.70,67.6,72.9,8.5,30.3,16.4,14.6,3.2,89.2,51.0,10.8,3.4,1.6,2.5,39.9,2.0,11.1,11.0,27.7,73.4,4.2,532642,545589,217926
2009,III,R,11.28,35.15,72.37,96.84,72.37,98.14,74.06,45.64,39.50,96.49,78.28,12.07,42.04,105.46,89.95,12.43,8.45,7.75,78.33,60.65,56.04,8.86,51.07,43.96,82.69,62.4,82.3,7.6,30.1,19.2,14.4,3.4,91.5,53.5,10.9,8.2,9.3,9.0,63.7,3.9,19.4,19.4,18.7,67.3,10.3,450534,477578,254269
1990,IV,R,42.14,18.54,10.10,55.19,12.68,65.64,59.84,48.27,4.75,89.34,36.13,2.50,7.34,99.35,46.67,2.50,6.48,11.54,61.59,42.26,50.21,6.90,46.74,49.79,63.42,,70.7,10.6,38.3,21.0,11.3,4.2,88.7,36.1,4.9,46.3,39.0,38.7,,,,,,,,95350,97212,54020
1992,IV,R,35.29,14.38,10.24,74.07,11.55,70.46,66.67,49.02,15.55,91.21,32.92,1.94,20.59,110.99,43.48,2.43,6.38,11.64,56.57,48.52,48.30,1.64,47.51,51.70,76.30,43.2,69.0,10.8,36.9,20.3,12.5,4.0,74.9,57.5,13.4,30.2,25.5,25.3,,,,,,,,111958,114070,58440
1994,IV,R,25.36,22.12,21.09,79.25,22.88,77.41,67.49,48.90,20.58,91.73,28.59,2.13,26.54,106.55,35.67,2.99,6.16,13.16,84.47,52.27,54.78,6.48,51.23,45.22,58.77,58.0,69.6,10.6,37.4,18.0,13.2,3.9,90.8,50.5,9.9,31.3,24.8,26.9,,,,,,,,155465,160375,83493
1996,IV,R,35.96,20.27,19.78,81.85,19.78,79.12,62.65,47.35,21.40,90.41,50.12,6.18,28.86,103.84,70.44,7.52,6.46,13.99,70.75,56.08,50.78,3.32,49.10,49.22,65.28,49.9,68.8,8.2,35.1,20.1,13.7,4.2,87.0,54.7,5.2,34.1,26.5,29.9,,,,0.4,,,3.8,183189,190244,101219
1998,IV,R,28.49,28.49,20.87,81.15,20.87,81.14,78.07,47.73,20.78,92.18,51.88,6.09,27.01,105.25,65.51,7.12,6.58,11.59,72.33,57.05,51.01,9.47,46.18,48.99,56.88,41.4,67.5,8.9,36.7,18.1,13.7,4.2,92.8,61.3,9.2,26.4,21.3,23.3,,,,,,,,212610,221252,113525
2000,IV,R,26.72,18.84,27.43,73.39,27.43,85.55,74.88,43.50,20.03,91.02,55.44,8.74,25.55,103.19,84.03,9.90,6.62,13.30,73.74,57.28,46.35,7.45,42.89,53.65,60.02,40.2,64.2,8.4,33.7,18.2,14.8,4.0,88.0,55.1,10.8,28.2,20.8,22.1,6.7,0.5,1.8,0.3,16.0,25.4,9.7,220363,231208,132494
2003,IV,R,19.46,26.77,39.86,90.23,39.86,86.94,82.03,52.20,18.22,89.39,62.56,4.26,27.79,101.92,95.76,4.55,6.96,12.30,70.01,55.62,51.34,7.12,47.69,48.66,58.88,44.5,68.8,8.0,32.0,20.0,15.0,3.7,91.7,55.3,12.7,18.6,15.8,16.0,26.8,0.1,1.8,1.2,22.5,42.6,4.9,234400,246433,134638
2006,IV,R,14.47,36.96,60.59,94.01,60.59,92.67,75.79,54.85,38.42,94.44,65.73,13.38,43.89,109.45,89.63,17.62,8.20,7.80,61.54,66.14,47.98,4.52,45.82,52.02,73.75,55.6,69.4,6.9,30.2,16.4,15.2,3.6,88.8,51.7,9.8,11.0,10.0,10.4,42.6,5.8,11.9,2.2,25.4,81.2,6.7,481801,493985,303385
2009,IV,R,13.27,35.15,70.83,96.45,70.83,96.34,73.82,46.55,36.21,91.91,68.45,14.39,44.34,103.40,87.52,16.55,7.81,9.92,59.65,60.66,49.90,6.09,46.86,50.10,68.66,50.2,73.7,6.6,26.2,18.5,19.7,3.5,92.3,47.3,14.7,11.7,9.8,10.6,63.8,5.9,18.6,1.3,20.2,74.3,7.5,385244,414093,223485
1990,IX,R,32.82,57.53,13.85,31.06,15.82,70.89,63.38,53.72,3.55,84.59,26.57,0.56,6.31,100.86,34.16,1.03,6.01,15.26,63.90,39.07,46.52,6.48,43.50,53.48,79.43,,56.4,11.8,37.7,19.9,11.9,4.2,73.9,27.6,1.4,45.4,36.1,37.7,,,,,,,,112430,113761,51925
1992,IX,R,31.00,55.00,21.00,49.57,21.43,76.05,68.00,55.00,7.09,90.32,26.03,2.14,11.90,106.07,38.02,2.67,6.10,15.69,56.11,45.77,47.68,3.07,46.22,52.32,74.94,32.3,55.5,10.6,39.2,19.9,11.6,4.2,82.9,41.2,3.8,35.4,29.3,30.2,,,,,,,,141213,143984,68478
1994,IX,R,25.20,60.22,15.21,63.87,16.64,84.04,74.17,58.00,4.51,87.28,27.92,1.29,7.32,103.13,42.13,1.94,6.35,12.03,58.09,43.89,44.13,5.48,41.71,55.87,61.96,40.0,51.3,11.1,38.6,19.5,11.9,4.1,87.6,41.7,1.7,29.9,23.3,24.1,,,,,,,,163180,167318,79884
1996,IX,R,24.73,65.37,10.72,40.07,10.72,79.15,80.14,52.56,5.69,89.44,37.26,2.48,7.73,104.24,51.20,2.93,5.85,14.18,51.51,47.90,51.06,4.64,48.69,48.94,57.75,22.1,50.7,9.4,36.9,19.4,12.9,4.3,89.2,47.6,7.3,37.5,31.4,31.2,,,,59.7,,,8.7,157716,166201,70638
1998,IX,R,24.00,69.48,13.82,58.50,13.82,83.90,80.76,54.52,5.01,90.93,38.76,3.73,7.40,108.68,55.05,4.12,5.97,15.65,56.98,51.19,46.59,6.26,43.67,53.41,58.11,24.9,47.4,8.6,36.0,17.7,13.8,4.2,89.1,46.5,5.7,37.1,30.2,31.4,,,,,,,,176243,189470,103697
2000,IX,R,22.39,69.30,22.40,75.33,22.40,86.35,76.73,54.16,8.85,93.45,47.43,5.79,11.70,110.37,70.51,7.21,6.37,13.74,53.34,58.16,43.34,7.08,40.27,56.66,61.97,30.3,58.1,8.0,34.6,16.9,14.4,4.1,90.8,47.6,10.8,34.7,28.2,29.0,6.8,0.9,1.9,53.9,18.2,27.1,8.1,229632,243432,147194
2003,IX,R,20.46,74.05,20.01,87.13,20.01,88.45,85.86,51.16,13.02,92.58,55.15,4.81,20.27,109.65,79.17,6.47,6.51,15.19,51.54,60.29,43.83,8.11,40.27,56.17,58.42,29.2,53.7,7.4,34.1,16.0,15.1,4.0,94.6,46.0,8.2,29.4,23.7,24.0,15.9,0.2,1.9,64.3,22.5,41.9,3.8,215613,236706,119298
2006,IX,R,16.21,64.54,32.37,91.86,32.37,91.48,78.41,51.15,18.89,93.10,65.65,7.57,24.85,107.95,87.55,9.63,7.03,12.89,43.50,61.57,45.99,6.56,42.97,54.01,69.28,36.4,52.2,7.5,32.2,15.4,15.8,3.7,95.0,44.3,10.4,20.5,16.1,17.2,31.7,1.2,5.4,58.9,23.2,66.2,9.0,272719,295549,161631
2009,IX,R,12.68,61.19,40.14,95.66,40.14,91.77,76.30,52.86,26.79,93.29,64.38,12.35,32.99,111.14,85.36,14.79,7.15,12.43,45.48,63.49,41.46,13.85,35.71,58.54,67.68,30.1,53.6,6.8,28.5,15.7,18.8,3.5,94.0,49.3,11.5,25.6,21.0,22.0,48.9,2.9,9.0,62.7,15.6,81.2,11.1,285134,329505,210204
1990,RM,R,30.96,42.96,34.44,91.77,40.46,87.61,46.18,59.16,10.25,88.96,47.02,3.43,15.84,101.31,63.16,4.32,7.43,8.20,72.81,46.58,54.18,4.50,51.74,45.82,77.34,,77.1,11.8,36.9,22.7,9.2,4.4,78.6,37.4,2.4,29.1,26.3,25.1,,,,,,,,139299,140857,67807
1992,RM,R,26.99,35.31,25.22,88.02,26.04,91.20,62.80,60.47,9.38,87.58,42.21,4.08,19.91,99.18,57.14,4.46,7.10,10.25,71.44,48.61,53.36,2.71,51.92,46.64,75.09,55.1,76.9,11.1,37.2,20.9,9.1,4.1,74.1,60.9,3.9,28.0,23.8,23.2,,,,,,,,166720,169136,91578
1994,RM,R,27.85,48.93,36.20,96.33,38.17,93.05,59.41,62.09,13.37,89.75,47.55,7.07,21.73,102.51,66.78,7.58,7.67,6.88,61.89,52.16,53.67,2.23,52.47,46.33,62.32,59.9,76.6,11.0,37.5,21.5,8.1,4.3,77.5,52.4,5.3,25.1,20.6,20.2,,,,,,,,211345,213970,115386
1996,RM,R,18.95,57.62,50.85,98.22,50.85,96.24,60.96,65.86,16.77,87.47,59.40,13.23,30.56,100.44,75.75,15.45,7.94,8.37,58.00,58.40,53.82,3.00,52.20,46.18,70.96,59.7,79.0,8.4,33.7,18.4,9.6,4.0,67.0,58.3,8.3,14.1,12.9,11.4,,,,1.0,,,3.4,352834,357264,184854
1998,RM,R,23.56,52.10,43.33,98.08,43.33,95.40,60.22,63.23,18.27,91.78,56.60,7.54,27.81,102.05,75.78,9.92,7.66,9.67,67.54,57.93,54.41,6.45,50.90,45.59,67.25,55.9,76.7,8.5,34.6,18.8,10.0,4.1,69.6,62.0,8.0,13.8,11.4,11.2,,,,,,,,403775,409306,210645
2000,RM,R,19.25,52.32,53.08,98.02,53.08,97.65,60.93,60.85,19.21,93.42,58.79,9.59,27.05,104.37,80.20,11.39,7.99,8.09,70.18,59.31,54.25,6.04,50.97,45.75,69.04,58.2,80.3,8.0,33.5,18.9,11.6,4.0,76.6,50.0,11.4,12.1,10.1,9.9,14.7,3.4,6.6,1.9,22.2,52.0,4.0,389721,396701,198042
2003,RM,R,11.92,61.48,64.93,99.00,64.93,97.55,68.43,62.90,24.28,93.82,67.33,12.85,32.53,105.68,88.93,16.86,8.95,6.15,52.40,63.81,58.30,5.12,55.32,41.70,71.64,61.9,79.0,7.8,33.2,18.1,10.3,4.0,76.2,55.2,9.3,8.5,7.7,7.3,32.1,7.7,16.6,1.9,35.4,55.0,1.9,627823,633801,315965
2006,RM,R,9.97,57.17,75.81,99.51,75.81,98.42,64.13,58.35,30.95,93.85,67.79,18.70,38.23,107.17,85.96,22.53,8.96,7.30,17.50,64.20,56.38,4.67,53.75,43.62,74.83,61.9,77.1,6.9,29.5,17.4,13.7,3.8,80.2,47.5,8.4,5.8,4.5,4.3,53.0,10.4,24.4,2.2,29.7,74.8,6.7,672468,680271,362079
2009,RM,R,7.13,68.12,85.25,99.86,85.25,99.07,65.76,60.94,24.93,94.34,61.75,19.96,29.24,107.78,79.78,24.11,9.83,3.61,16.85,60.42,55.76,6.55,52.11,44.24,77.62,65.7,79.4,9.2,31.3,18.6,13.2,3.8,78.8,54.7,11.5,5.4,4.9,4.8,64.3,23.4,40.8,2.1,40.0,81.0,3.7,751628,770361,433119
1990,V,R,26.04,50.39,26.34,91.69,28.48,75.39,37.27,61.62,8.90,89.46,43.62,5.84,17.29,102.83,56.05,6.49,7.01,9.07,78.75,49.21,55.49,3.73,53.42,44.51,77.97,,84.2,10.7,37.5,20.0,9.1,3.9,85.3,36.1,1.2,39.7,32.0,31.2,,,,,,,,101235,102588,55055
1992,V,R,21.06,36.32,24.54,86.40,25.87,86.86,54.89,56.05,14.76,90.20,53.22,4.62,24.35,104.03,68.42,4.62,7.03,9.09,63.85,53.00,52.13,4.44,49.82,47.87,76.73,55.7,75.5,9.8,34.3,20.0,10.9,3.8,79.0,57.7,1.5,28.0,24.0,23.9,,,,,,,,185392,187807,105292
1994,V,R,21.60,48.35,38.81,93.46,40.34,93.37,61.51,55.75,17.12,91.17,52.84,8.71,25.40,104.45,70.27,9.62,7.25,8.03,62.88,54.24,51.38,7.72,47.41,48.62,57.01,69.3,74.9,8.9,32.6,19.8,13.7,3.8,86.7,49.6,9.2,19.9,16.4,15.9,,,,,,,,167268,170232,96511
1996,V,R,24.44,47.02,34.71,96.18,34.71,94.42,60.80,53.96,18.30,88.11,49.04,7.73,30.24,105.32,65.78,8.57,7.21,8.56,73.63,53.13,52.08,5.23,49.36,47.92,73.08,63.5,80.8,9.7,33.1,20.7,11.7,4.1,88.1,63.3,5.5,22.3,20.4,19.6,,,,1.5,,,4.1,202374,207217,106436
1998,V,R,20.82,55.97,36.54,95.25,36.54,93.58,67.91,56.95,19.74,93.00,59.72,6.14,26.21,104.22,77.43,7.38,7.14,11.42,72.37,55.97,53.59,7.88,49.36,46.41,62.51,55.6,79.0,8.6,32.6,19.3,12.5,4.0,82.7,57.9,11.7,19.2,16.8,15.8,,,,,,,,231742,238731,124225
2000,V,R,19.43,50.51,43.31,93.72,43.31,92.64,68.04,57.83,24.40,93.20,58.36,11.89,31.96,108.57,83.55,13.09,7.40,10.09,67.50,60.46,52.38,9.07,47.62,47.62,63.12,53.7,78.4,7.2,31.0,18.2,14.0,3.8,85.7,51.4,12.1,18.6,15.3,15.1,11.3,1.4,3.6,0.6,23.7,48.4,4.9,258240,266362,140639
2003,V,R,15.28,52.51,60.97,97.72,60.97,96.27,72.57,53.05,25.09,93.33,70.03,9.08,33.23,104.84,95.21,12.64,7.84,9.05,64.13,59.66,53.91,5.85,50.75,46.09,69.85,59.0,77.8,7.5,29.6,19.3,14.2,3.9,88.3,52.7,10.3,11.7,10.2,9.8,28.5,2.1,8.1,0.7,28.5,55.3,5.3,319443,328711,168825
2006,V,R,11.76,63.21,73.49,99.49,73.49,97.31,67.11,55.86,31.75,93.96,69.89,13.78,39.07,107.16,86.24,16.16,8.35,7.15,58.63,64.27,54.24,3.74,52.21,45.76,75.90,65.7,80.7,7.3,30.4,15.9,14.8,3.7,88.7,50.8,8.9,6.8,5.8,5.7,48.6,4.0,16.0,1.6,28.6,70.8,4.8,389568,398900,199323
2009,V,R,11.06,71.52,86.39,99.53,86.39,97.69,63.89,63.46,31.85,93.67,77.85,34.16,42.68,106.31,99.91,43.47,9.71,5.35,39.18,75.49,55.77,6.00,52.42,44.23,76.06,61.6,83.5,6.9,31.7,16.8,10.3,3.6,88.3,57.7,9.1,5.1,4.9,4.9,69.3,22.7,36.7,2.1,42.6,89.0,4.6,601353,624057,280740
1990,VI,R,26.81,32.53,20.78,76.96,22.59,66.92,51.20,64.01,7.51,93.83,36.45,3.48,11.11,108.48,51.23,4.28,6.67,12.25,59.72,44.34,49.68,5.93,46.74,50.32,69.09,,82.1,10.6,34.5,22.8,10.8,4.0,84.9,40.3,4.2,39.2,34.5,34.9,,,,,,,,93443,94720,50693
1992,VI,R,30.50,23.98,21.24,87.56,22.00,79.19,51.14,61.31,7.90,91.47,36.97,1.77,14.89,104.50,53.55,2.03,6.40,13.55,65.25,45.17,54.31,3.25,52.54,45.69,85.20,57.2,85.9,9.9,35.2,23.3,8.6,4.1,83.0,55.1,4.6,32.4,29.1,28.4,,,,,,,,150730,153079,76575
1994,VI,R,22.64,34.63,28.61,87.52,29.05,74.19,61.24,60.55,12.35,91.75,44.23,4.71,18.43,105.20,57.20,4.71,6.96,11.76,75.89,47.39,52.91,7.55,48.92,47.09,57.70,73.9,78.9,10.8,34.7,22.2,10.9,3.9,76.3,47.9,5.5,26.9,23.3,22.8,,,,,,,,197039,200270,115590
1996,VI,R,21.16,25.35,23.13,90.89,23.13,78.10,62.98,55.89,10.70,93.37,52.26,6.10,16.52,107.66,66.90,7.19,6.50,14.21,64.44,52.57,47.67,4.61,45.47,52.33,63.23,56.5,77.4,8.8,32.2,18.7,13.1,4.1,78.3,61.1,13.7,22.8,20.4,20.9,,,,0.7,,,5.6,221752,227544,101016
1998,VI,R,23.22,27.90,32.25,93.78,32.25,78.40,65.88,57.06,10.50,93.99,56.15,6.80,17.67,105.14,78.31,8.10,6.68,16.86,67.60,55.93,49.48,5.28,46.87,50.52,66.24,59.0,83.5,7.8,31.3,19.2,13.5,3.9,79.6,57.0,13.2,18.6,16.2,15.9,,,,,,,,225472,233340,118311
2000,VI,R,19.89,29.92,35.91,96.32,35.91,85.23,70.04,56.83,16.78,94.21,55.13,9.15,24.03,109.62,79.20,10.00,7.03,11.00,66.34,56.51,51.75,6.63,48.32,48.25,63.75,56.3,81.4,7.8,30.8,19.1,13.7,3.9,85.3,50.7,12.4,19.0,15.3,16.1,9.1,0.3,1.7,0.3,21.8,49.4,7.7,271099,280473,124583
2003,VI,R,16.31,30.84,46.50,97.68,46.50,90.43,74.92,57.59,26.84,94.39,63.43,10.04,35.06,107.67,81.72,10.94,7.14,11.85,64.25,61.30,51.69,7.28,47.93,48.31,71.07,63.4,81.6,6.6,29.6,16.5,13.9,3.7,87.8,58.1,9.4,17.4,13.7,13.4,24.5,0.5,3.3,0.6,26.3,50.8,3.1,253594,264041,143525
2006,VI,R,10.56,38.20,62.14,98.66,62.14,93.41,68.75,53.66,28.47,93.58,66.27,14.45,35.71,107.21,88.68,18.03,7.74,11.50,58.42,60.46,51.97,3.99,49.90,48.03,78.00,69.4,85.1,6.1,26.9,18.0,15.1,3.7,90.2,47.5,9.7,6.7,6.0,5.7,48.2,4.0,12.0,1.1,23.7,70.4,5.6,360649,372869,186742
2009,VI,R,9.26,49.37,73.80,99.30,73.80,95.06,65.33,51.69,28.18,96.86,65.69,13.55,31.65,111.98,83.18,16.03,7.95,9.95,53.54,58.84,51.43,5.49,48.61,48.57,79.76,68.1,85.6,6.1,24.5,17.5,18.5,3.4,91.6,54.6,12.0,6.9,6.1,6.2,63.9,5.3,18.1,1.2,21.1,80.3,10.3,395139,421937,240597
1990,VII,R,36.66,13.54,6.43,61.56,8.34,68.91,42.68,58.82,5.41,84.70,24.68,0.24,9.19,95.81,35.32,0.24,5.35,19.88,88.81,38.60,48.88,5.08,46.39,51.12,33.86,,65.8,10.4,36.1,23.0,10.5,4.1,88.4,35.4,3.3,41.2,35.7,35.8,,,,,,,,100171,102054,47384
1992,VII,R,36.58,14.61,14.61,74.47,16.45,69.36,57.89,63.68,5.15,85.32,22.14,0.76,10.05,101.37,32.06,1.02,5.55,16.40,88.51,41.46,53.27,2.88,51.74,46.73,57.87,33.6,73.3,11.2,37.5,20.5,9.9,4.1,87.3,47.6,4.4,40.4,34.7,34.9,,,,,,,,133458,135929,66130
1994,VII,R,27.74,18.91,21.06,84.73,22.08,79.53,58.35,58.57,10.35,88.60,29.64,1.97,15.86,101.71,39.68,2.18,5.95,15.75,86.98,44.94,52.09,5.46,49.25,47.91,43.41,54.4,71.8,10.0,34.9,20.1,12.0,4.0,85.0,45.3,10.9,39.9,35.3,35.0,,,,,,,,134561,137613,72572
1996,VII,R,24.81,21.51,14.74,86.06,14.74,71.20,57.61,57.02,11.19,91.06,40.21,3.54,18.41,101.64,51.09,3.63,5.96,16.23,83.97,48.44,54.10,3.20,52.37,45.90,43.46,36.0,74.6,9.7,34.5,19.2,11.0,4.3,76.3,56.2,14.2,31.6,29.0,29.0,,,,0.7,,,9.0,171689,178773,80318
1998,VII,R,24.36,20.09,23.22,90.28,23.22,77.42,64.72,58.45,17.26,91.75,41.38,3.71,23.37,104.04,52.83,3.82,5.90,19.36,85.86,53.23,52.51,9.64,47.45,47.49,43.40,36.1,71.0,7.4,33.7,17.3,12.6,3.9,84.7,57.3,13.3,28.2,23.8,23.8,,,,,,,,187098,194954,96158
2000,VII,R,25.64,24.15,34.06,93.01,34.06,85.78,64.83,57.88,15.31,93.06,49.72,5.09,20.77,107.39,70.15,5.79,6.32,15.33,84.10,54.51,50.40,6.46,47.15,49.60,52.67,39.7,74.0,7.9,32.2,19.2,12.5,4.0,85.7,54.5,14.8,24.0,20.7,20.1,9.6,0.6,1.9,0.7,16.4,45.1,9.0,298236,307121,154567
2003,VII,R,19.43,27.50,42.31,97.54,42.31,88.58,69.93,56.27,19.54,92.88,57.35,6.40,28.24,108.92,76.77,7.95,6.86,12.90,83.10,58.67,53.06,5.95,49.90,46.94,58.35,44.5,73.2,7.1,31.2,18.4,12.8,3.9,90.5,55.5,15.7,18.8,16.2,16.4,24.6,0.4,3.2,1.1,25.2,43.1,3.6,280204,292071,129928
2006,VII,R,14.40,33.89,59.87,98.29,59.87,90.67,68.02,57.03,22.68,93.47,68.54,7.62,31.73,106.26,87.66,10.37,7.13,12.89,75.95,60.09,51.03,4.98,48.49,48.97,68.57,56.6,77.3,6.1,27.8,17.0,16.0,3.7,93.8,48.6,13.2,13.7,11.9,11.9,44.1,0.9,6.2,1.3,20.0,70.3,9.7,319305,332646,164084
2009,VII,R,9.49,43.95,71.90,98.92,71.90,95.99,67.86,56.03,30.97,93.92,70.73,14.62,36.62,105.41,88.70,16.41,7.45,11.72,68.50,61.05,50.34,7.61,46.51,49.66,64.53,49.0,78.3,5.9,25.5,17.0,16.9,3.4,95.6,55.1,13.0,13.3,11.1,11.6,60.3,3.7,13.8,1.7,17.3,78.5,8.7,348266,379719,213494
1990,VIII,R,29.16,35.96,12.13,68.84,15.18,66.79,55.90,52.57,5.13,92.40,33.81,3.67,7.39,100.84,44.17,3.73,5.98,19.18,83.20,40.83,48.54,10.95,43.23,51.46,51.04,,58.9,10.1,34.3,22.7,12.1,4.1,80.9,31.6,5.8,43.6,38.6,37.9,,,,,,,,121389,122516,65444
1992,VIII,R,30.18,37.90,16.77,61.45,17.36,77.95,62.08,53.37,6.16,88.28,30.05,2.54,11.59,103.52,43.67,2.71,5.95,15.81,86.40,45.23,43.48,4.85,41.37,56.52,66.23,37.0,60.0,10.0,35.7,20.0,12.4,4.1,81.7,45.0,7.4,41.4,35.2,35.8,,,,,,,,123100,126577,66126
1994,VIII,R,26.35,52.88,21.87,75.34,22.65,80.65,61.40,56.11,7.48,90.29,36.52,4.26,12.53,104.13,47.31,4.91,6.17,14.63,79.41,47.51,45.72,6.46,42.76,54.28,61.59,57.7,65.7,10.2,35.8,18.7,11.8,3.9,86.2,44.8,6.5,37.6,31.4,31.6,,,,,,,,146944,151285,80614
1996,VIII,R,24.74,45.98,10.68,65.52,10.68,81.27,64.75,52.18,6.88,87.10,32.86,4.29,11.44,103.65,52.85,4.85,5.75,16.70,82.41,47.95,42.66,5.47,40.33,57.34,49.17,33.5,63.1,10.0,35.4,18.6,14.0,4.0,88.6,49.4,7.0,39.0,32.2,31.1,,,,8.7,,,8.8,164952,172794,85479
1998,VIII,R,28.07,55.04,12.32,80.86,12.32,85.09,68.99,51.51,6.46,91.65,43.82,7.78,10.81,110.97,64.01,8.55,6.12,16.19,80.85,56.37,42.79,15.32,36.23,57.21,48.19,34.0,68.8,7.7,35.0,18.5,13.3,4.3,95.1,52.6,8.6,39.9,34.8,36.0,,,,,,,,217927,231684,148976
2000,VIII,R,23.43,50.51,17.67,88.30,17.67,90.25,68.04,54.84,8.29,92.99,45.94,4.22,12.31,109.48,62.99,5.31,6.22,14.81,82.24,54.36,44.89,11.04,39.94,55.11,50.35,35.5,68.2,7.9,33.3,18.0,13.1,4.0,92.6,54.8,12.1,30.9,25.3,25.1,6.4,0.3,1.0,4.3,15.7,30.9,5.6,206054,219191,108194
2003,VIII,R,16.79,51.37,30.44,93.86,30.44,92.03,73.73,55.32,15.95,93.58,56.23,7.39,22.63,108.62,80.22,9.05,6.56,15.58,80.48,59.92,44.98,8.58,41.12,55.02,54.72,35.6,65.5,6.5,31.0,16.2,14.9,3.8,92.9,51.8,11.5,28.4,23.5,23.9,22.2,0.3,2.3,6.0,21.7,37.9,4.9,227280,242943,137104
2006,VIII,R,13.24,61.27,45.71,97.60,45.71,94.82,74.52,53.78,21.07,93.93,67.55,10.95,28.56,109.23,90.83,13.55,7.06,14.05,73.91,62.68,42.63,8.07,39.19,57.37,65.08,46.9,70.4,6.2,28.9,15.7,17.3,3.7,95.5,49.9,10.7,19.4,15.6,16.5,39.6,1.3,6.9,6.4,21.2,66.7,9.0,267101,287171,154225
2009,VIII,R,9.75,62.18,62.22,98.11,62.22,96.82,71.22,55.22,16.85,91.52,68.19,13.79,27.36,105.58,95.38,15.44,7.51,11.18,64.25,60.09,43.93,11.16,39.03,56.07,67.59,45.7,74.0,6.3,26.2,17.2,18.0,3.5,94.0,54.9,12.9,17.9,15.2,15.5,56.9,3.1,12.7,6.0,16.9,70.5,11.3,337093,375943,215832
1990,X,R,26.55,65.68,16.38,54.09,18.26,71.73,48.17,57.96,1.49,85.33,30.79,0.36,2.35,95.69,36.53,0.63,6.09,11.17,82.91,38.56,50.65,5.45,47.89,49.35,79.84,,68.8,9.9,36.2,20.0,10.8,4.2,84.3,40.1,2.9,30.0,25.2,25.7,,,,,,,,150788,152598,71233
1992,X,R,27.41,68.23,20.87,62.96,22.25,77.19,62.16,55.50,3.47,86.75,30.42,1.68,6.07,101.06,41.26,2.94,6.25,10.60,80.44,40.58,49.67,2.79,48.29,50.33,70.60,43.5,63.2,10.4,35.6,21.3,11.0,4.2,67.9,60.1,3.7,27.2,23.4,23.4,,,,,,,,162020,164663,72010
1994,X,R,20.37,72.63,20.24,55.82,20.74,80.21,63.96,58.49,3.36,87.21,23.50,3.26,4.97,96.99,35.37,3.26,6.00,10.61,80.10,36.48,50.43,5.51,47.65,49.57,61.76,52.5,69.1,10.4,31.0,21.4,12.6,3.7,82.7,55.3,5.3,25.4,20.5,22.3,,,,,,,,178523,181870,96693
1996,X,R,23.22,76.52,21.34,69.12,21.34,85.39,66.28,54.09,4.14,90.34,43.42,2.87,7.28,103.94,64.17,2.87,6.22,12.11,68.05,49.27,45.94,3.52,44.32,54.06,67.68,39.1,64.0,9.2,36.3,19.4,12.4,4.2,84.5,63.5,11.4,30.5,26.3,26.7,,,,17.9,,,4.8,184898,193479,102510
1998,X,R,22.41,76.90,25.83,75.25,25.83,83.57,62.30,55.62,10.74,93.56,42.07,5.27,13.42,105.07,66.54,5.27,6.61,9.46,79.06,53.40,50.92,6.77,47.48,49.08,60.26,38.8,60.9,8.7,34.8,18.7,11.4,4.1,72.8,59.7,6.7,25.0,19.5,20.3,,,,,,,,237259,245804,137283
2000,X,R,15.96,86.01,31.79,77.69,31.79,91.24,61.87,57.97,4.39,91.01,44.22,5.13,9.79,106.25,59.20,5.62,6.66,9.30,60.60,56.17,49.85,6.75,46.48,50.15,73.30,49.8,64.8,7.9,34.2,16.3,14.2,3.8,80.2,53.5,11.3,18.3,15.1,16.1,10.1,0.3,1.7,13.6,16.7,25.2,4.7,256058,267348,133661
2003,X,R,12.50,86.05,41.39,88.74,41.39,92.30,76.29,58.27,13.40,94.20,54.21,8.25,17.77,110.18,72.35,11.06,7.09,8.11,56.47,59.13,47.24,5.08,44.84,52.76,72.45,43.4,56.9,7.0,31.7,16.2,15.2,3.7,87.6,54.5,10.1,17.5,13.9,14.7,26.7,1.4,5.6,23.4,26.4,38.9,5.3,299779,314512,188064
2006,X,R,10.42,87.53,49.26,95.01,49.26,94.92,75.30,56.55,15.81,93.32,62.73,9.32,20.91,106.80,86.41,12.06,7.49,8.35,50.04,60.65,49.78,2.71,48.43,50.22,78.01,50.7,60.5,6.5,29.0,15.2,16.5,3.5,89.8,49.8,8.2,6.2,4.9,5.7,46.6,1.9,10.9,26.6,25.5,64.7,7.1,456219,476024,215126
2009,X,R,8.17,87.00,61.74,97.12,61.74,95.72,71.73,56.76,16.27,94.29,63.03,12.18,21.49,111.93,85.92,14.70,7.70,7.29,48.02,60.45,51.02,6.98,47.46,48.98,76.49,39.3,55.6,6.6,27.8,14.8,17.9,3.4,92.7,53.3,14.5,6.1,5.2,5.6,60.3,6.2,16.4,28.4,23.4,78.7,9.6,537098,578298,288862
1990,XI,R,21.69,80.72,33.33,54.62,34.54,76.28,55.02,49.00,4.69,85.22,46.51,0.00,8.59,93.04,53.49,0.00,7.19,9.52,87.32,37.37,60.21,9.20,54.67,39.79,87.67,,75.3,12.9,34.4,22.8,7.8,3.3,64.3,47.8,5.5,14.1,11.2,10.3,,,,,,,,126829,127879,74240
1992,XI,R,24.17,69.58,6.67,37.92,7.08,74.18,57.08,59.17,4.55,88.42,20.37,2.20,5.45,110.53,35.19,2.20,5.34,11.82,85.61,37.71,51.09,4.98,48.55,48.91,80.63,42.3,65.5,13.2,33.5,21.6,11.0,3.2,60.2,62.7, ,27.8,21.7,21.6,,,,,,,,132848,135201,82559
1994,XI,R,22.99,60.11,25.76,63.99,26.59,79.98,67.04,49.86,15.75,88.64,42.86,0.00,23.97,100.00,57.14,0.00,5.93,13.18,74.52,48.50,57.92,4.80,55.14,42.08,64.31,60.3,60.5,9.9,34.8,17.8,11.6,3.2,57.6,55.8,4.1,20.7,17.5,17.1,,,,,,,,142521,146546,99952
1996,XI,R,19.39,84.12,37.33,61.07,37.33,84.56,64.79,55.86,23.19,92.02,41.92,3.21,25.95,101.72,49.02,3.89,6.41,9.33,82.28,53.70,61.30,3.99,58.85,38.70,65.99,38.6,59.5,10.1,36.6,16.5,11.2,3.5,58.5,76.1,12.3,12.3,8.6,8.7,,,,11.4,,,8.9,294841,299688,123492
1998,XI,R,16.51,81.73,35.11,71.99,35.11,91.18,68.59,47.48,24.25,90.82,32.73,2.83,29.35,106.81,48.59,3.50,5.87,15.65,82.22,55.32,57.29,4.07,54.96,42.71,59.01,37.9,59.6,9.4,33.0,16.2,15.0,3.2,71.6,69.1,17.7,8.0,5.8,5.8,,,,,,,,335416,345515,166699
2000,XI,R,11.52,81.65,37.15,55.62,37.15,86.67,65.10,50.74,29.90,90.09,47.68,11.99,35.80,111.95,63.15,13.13,6.24,11.52,76.26,60.66,61.57,3.00,59.73,38.43,76.58,39.9,49.9,7.4,30.6,16.0,15.1,3.1,77.4,62.9,33.4,8.9,6.7,6.5,4.4,0.4,1.6,12.8,25.9,24.2,13.2,373447,383979,229009
2003,XI,R,10.96,83.23,50.87,82.32,50.87,93.42,66.30,52.12,38.71,90.59,48.19,10.23,49.33,109.23,76.29,11.94,6.84,11.10,77.69,63.30,55.81,5.37,52.81,44.19,80.41,45.3,52.4,6.5,28.3,15.8,16.2,3.0,74.2,52.2,16.0,11.0,9.0,8.4,12.0,1.2,4.2,18.3,22.9,43.7,5.5,311195,336134,219560
2006,XI,R,8.46,79.93,67.90,86.18,67.90,97.34,71.31,55.43,47.28,89.99,62.85,7.84,57.69,107.32,88.55,10.26,7.26,6.86,67.61,69.00,57.00,2.09,55.81,43.00,86.06,51.1,48.4,5.3,27.0,12.4,19.4,2.9,80.9,49.2,16.2,7.7,6.7,7.1,38.8,1.7,10.9,14.7,24.9,68.9,9.7,421031,435600,254489
2009,XI,R,5.99,65.75,75.23,93.33,75.23,98.21,74.25,50.39,40.99,90.92,77.98,14.06,50.53,100.08,106.57,16.00,8.23,6.77,61.02,65.26,58.32,1.71,57.32,41.68,81.69,43.1,50.6,5.5,22.8,12.8,23.6,2.5,79.6,55.8,11.4,7.4,4.9,4.9,49.6,9.0,22.0,16.5,22.5,60.3,7.0,614203,639729,401661
1990,XII,R,12.39,94.25,38.94,70.80,42.92,95.14,46.90,51.77,2.86,90.36,35.71,1.54,5.71,114.46,52.38,3.08,6.90,6.63,13.11,46.92,56.63,2.48,55.22,43.37,82.54,,68.7,9.4,29.5,17.4,13.6,2.9,68.9,33.3,2.9,23.2,14.6,14.2,,,,,,,,120748,122303,68667
1992,XII,R,11.54,69.23,54.23,80.77,57.31,93.55,43.85,48.85,6.67,83.33,40.00,3.95,17.33,101.19,47.50,5.26,7.30,6.06,4.17,43.64,63.47,3.45,61.28,36.53,90.67,76.4,75.8,8.4,26.1,20.3,11.8,2.9,74.4,66.7,1.3,14.6,9.6,8.9,,,,,,,,290640,292065,136060
1994,XII,R,11.00,94.81,70.54,89.21,74.27,96.86,40.87,51.66,20.14,94.76,43.94,2.19,25.69,111.43,62.12,2.19,8.40,2.74,77.85,56.73,66.76,1.41,65.82,33.24,87.84,78.9,76.9,8.6,29.2,18.0,9.8,3.0,56.7,54.3,8.3,8.3,5.6,5.5,,,,,,,,311692,313372,164939
1996,XII,R,12.63,91.17,42.22,81.59,42.22,95.77,53.93,47.78,15.70,87.91,49.76,9.28,29.89,96.59,72.73,9.28,6.98,7.31,4.64,52.83,65.30,3.77,62.84,34.70,70.70,64.6,74.3,6.8,25.7,18.2,14.8,2.7,62.7,60.9,12.9,6.9,4.0,3.7,,,,2.6,,,3.2,316388,318689,151813
1998,XII,R,14.29,94.48,49.97,76.61,49.97,99.60,43.45,53.86,19.27,92.15,59.66,10.81,27.32,104.63,76.90,13.75,8.18,5.49,7.20,59.26,58.39,7.71,53.89,41.61,85.76,74.6,73.8,7.2,28.4,17.7,12.3,3.1,59.5,62.6,9.3,6.8,4.6,5.7,,,,,,,,792037,795068,539640
2000,XII,R,6.35,96.59,39.46,71.35,39.46,99.38,53.50,48.18,21.99,96.00,66.67,12.19,27.84,107.11,108.81,12.19,7.59,3.94,1.20,63.78,62.87,3.18,60.87,37.13,87.39,72.5,75.1,5.2,19.4,11.8,23.0,2.7,68.2,56.9,1.7,5.9,5.3,5.1,14.5,3.8,6.8,7.0,20.5,60.0,6.2,592155,595170,298979
2003,XII,R,4.92,95.78,68.37,77.80,68.37,99.83,43.41,44.23,35.53,92.64,82.10,26.57,40.61,98.39,88.65,26.94,8.53,7.55,4.17,65.01,63.58,2.62,61.92,36.42,86.05,65.3,69.3,7.5,24.0,11.5,20.6,2.6,47.8,55.0,5.1,4.6,3.3,3.5,29.6,5.2,18.1,12.2,32.0,52.6,2.6,740822,744761,413104
2006,XII,R,6.05,75.53,64.76,95.97,64.76,99.17,60.72,51.86,29.45,91.16,77.27,28.04,39.81,104.99,94.81,34.23,8.58,4.20,16.16,64.55,60.75,3.13,58.86,39.25,88.50,70.3,69.2,5.0,20.0,14.4,20.7,2.8,75.3,42.1,34.0,3.5,3.0,3.0,50.4,5.9,22.4,13.5,26.0,70.7,7.4,733597,737075,360948
2009,XII,R,4.67,78.22,50.68,94.92,50.68,98.84,65.34,45.74,33.33,99.36,74.78,33.56,34.92,111.86,77.39,59.93,9.22,4.77,6.03,76.67,55.61,4.94,52.86,44.39,88.99,52.8,54.0,3.7,23.8,11.2,27.0,2.3,64.5,44.5,5.6,14.8,11.0,10.3,81.3,9.9,43.5,13.6,42.8,67.8,8.1,642253,659213,437449
2006,XIV,R,13.07,89.15,52.51,95.29,52.51,94.68,66.03,51.11,19.90,94.12,61.36,7.66,26.10,112.44,75.03,8.72,7.31,10.84,54.22,61.69,44.89,6.01,42.19,55.11,77.44,53.4,69.1,6.3,30.7,14.0,16.5,3.6,93.5,55.6,11.0,13.1,10.5,11.3,40.3,0.8,6.7,24.6,26.1,74.6,7.1,329840,344899,187604
2009,XIV,R,12.05,71.03,63.92,96.72,63.92,96.61,71.57,49.97,26.44,92.78,70.59,10.95,30.61,106.35,93.79,12.77,7.57,7.75,50.91,60.26,42.32,9.32,38.37,57.68,77.22,51.6,68.5,7.4,30.2,16.0,18.4,3.3,89.1,54.4,11.5,18.8,15.6,17.3,50.9,2.8,8.7,31.5,20.4,83.2,10.8,324554,361853,229412
2006,XV,R,22.91,14.79,40.00,87.17,40.00,97.22,53.95,50.39,33.50,89.04,85.30,15.74,39.42,94.65,114.84,19.95,8.02,9.39,61.06,63.48,66.58,1.58,65.53,33.42,76.26,38.8,63.4,6.6,27.4,14.8,18.8,3.1,91.3,46.3,11.3,7.2,5.3,4.9,29.7,0.0,7.5,63.6,25.4,78.0,5.2,359328,368859,166416
2009,XV,R,31.29,11.28,19.38,96.37,19.38,96.79,26.32,64.48,23.19,97.67,63.32,16.14,24.22,104.52,74.39,18.43,8.92,6.91,66.66,55.66,67.23,3.60,64.81,32.77,81.74,31.1,49.0,13.4,35.4,16.1,10.3,3.4,85.5,59.0,12.8,9.9,8.0,7.3,45.9,4.5,10.0,62.8,19.5,81.4,1.8,674116,689996,305917
1990,I,U,20.45,59.90,83.17,99.17,97.61,79.79,57.30,53.80,26.06,91.78,76.45,13.17,33.05,102.10,113.21,16.17,10.15,1.91,38.06,62.73,52.53,8.92,47.84,47.47,90.14,,71.4,10.6,36.8,22.1,7.4,4.2,56.2,46.7,5.1,28.7,24.9,25.3,,,,,,,,201311,202693,109660
1992,I,U,17.38,57.78,94.46,99.20,96.15,91.15,57.11,56.28,26.32,88.24,69.53,16.27,37.40,99.46,100.44,19.10,10.17,1.57,31.48,62.81,54.05,3.85,51.97,45.95,89.81,71.4,75.1,10.3,35.6,20.4,8.4,4.1,51.9,67.9,5.4,26.1,22.3,22.6,,,,,,,,269462,270907,145485
1994,I,U,9.84,65.04,96.11,98.35,96.75,95.10,59.72,52.57,29.10,93.41,71.66,25.27,34.81,103.70,98.22,29.94,10.58,2.14,50.79,64.89,55.23,8.08,50.77,44.77,81.67,81.8,74.6,9.9,33.4,19.8,10.3,3.8,50.5,56.1,6.8,21.2,18.6,18.9,,,,,,,,309945,311788,177246
1996,I,U,18.01,68.67,97.17,99.96,97.17,95.35,59.18,56.21,32.38,93.03,66.04,27.98,39.55,109.00,94.30,34.91,10.77,0.62,24.72,66.65,55.11,5.70,51.97,44.89,86.23,69.9,71.9,10.9,36.6,21.8,6.3,4.1,49.9,67.0,5.3,20.5,18.1,17.9,,,,7.4,,,3.9,399277,401853,223869
1998,I,U,16.60,65.79,94.83,99.97,94.83,91.79,63.40,57.21,24.95,90.19,75.15,23.12,36.78,101.12,97.08,27.04,10.48,1.32,28.57,66.81,55.27,8.77,50.43,44.73,78.02,65.4,72.3,8.6,36.6,20.0,7.1,3.9,47.6,72.0,8.7,15.3,12.4,13.4,,,,,,,,462166,464932,258185
2000,I,U,18.45,65.05,94.62,99.55,94.62,92.54,69.35,48.22,30.66,93.78,69.84,17.35,37.28,105.00,96.71,29.52,10.49,1.67,23.65,62.21,58.71,11.65,51.87,41.29,76.09,62.2,70.6,10.0,32.2,22.0,10.1,4.2,59.7,53.5,13.4,20.5,16.6,17.1,21.1,8.1,16.0,13.3,37.5,57.7,6.8,520286,524502,252085
2003,I,U,13.93,68.82,94.88,98.69,94.88,93.55,68.07,46.61,33.36,95.56,74.58,28.67,36.13,105.95,99.64,41.01,10.94,1.46,17.86,66.24,57.38,10.69,51.24,42.62,75.14,62.0,69.7,9.7,33.8,21.1,8.5,4.1,66.0,48.9,9.8,18.2,14.8,16.6,39.6,12.1,28.4,11.7,49.0,62.1,2.5,529860,533807,277967
2006,I,U,14.60,69.35,99.07,99.87,99.07,96.81,60.25,48.14,44.92,93.70,74.23,19.07,49.98,105.81,104.16,26.26,10.56,1.12,2.99,65.34,54.20,9.98,48.79,45.80,80.41,60.1,66.0,8.7,31.0,20.4,11.6,4.0,64.7,48.1,6.8,11.7,9.1,9.8,52.7,22.8,36.8,12.0,49.0,92.0,11.8,584296,588053,274778
2009,I,U,13.67,74.97,97.96,99.27,97.96,96.61,61.29,44.51,43.94,91.53,66.41,23.78,50.63,106.88,96.30,32.78,10.82,1.86,3.83,69.45,55.07,6.15,51.68,44.93,85.75,47.9,63.9,9.0,33.0,20.1,9.1,3.8,75.5,56.2,11.5,16.2,12.0,14.2,63.5,34.6,45.5,11.1,53.5,94.2,8.3,659143,675958,379001
1990,II,U,24.33,57.58,69.82,99.25,82.24,78.53,54.52,54.84,13.76,90.34,68.99,13.93,20.01,102.31,89.95,16.35,9.82,2.06,11.34,54.90,50.24,7.53,46.46,49.76,89.31,,78.6,11.5,37.0,23.3,7.2,4.1,58.3,40.8,4.6,34.2,27.4,29.5,,,,,,,,175282,176455,102601
1992,II,U,25.51,51.28,83.84,99.39,86.57,86.23,56.88,52.76,15.86,86.61,60.31,9.31,25.86,103.22,91.02,12.43,9.65,1.86,11.50,52.48,52.99,7.48,49.02,47.01,88.94,69.3,79.4,12.4,36.3,23.4,6.9,4.1,57.9,59.2,3.7,31.8,27.6,28.3,,,,,,,,209583,211369,120226
1994,II,U,18.12,65.01,92.53,99.48,93.53,93.56,58.00,52.79,25.39,90.05,66.07,13.61,34.15,101.44,91.53,19.23,9.80,2.24,61.41,59.65,54.21,6.18,50.86,45.79,82.52,76.0,77.5,11.0,36.3,21.2,8.8,4.1,57.9,50.8,9.7,25.1,19.6,21.6,,,,,,,,314234,315769,173191
1996,II,U,22.23,75.14,96.26,99.92,96.26,97.27,63.72,62.07,22.09,93.39,67.29,22.21,30.07,106.59,95.81,27.78,10.35,1.06,8.38,63.30,50.81,4.48,48.53,49.19,82.92,69.0,80.1,9.8,34.8,20.1,9.1,4.1,44.1,64.2,9.6,16.3,13.3,13.2,,,,2.1,,,1.4,468283,470520,272120
1998,II,U,19.35,76.00,96.08,99.55,96.08,96.06,60.33,55.93,25.84,92.25,61.99,25.13,33.96,102.40,85.71,33.62,10.51,1.18,10.19,63.73,52.06,6.56,48.65,47.94,85.90,71.7,77.2,9.8,36.4,20.1,8.3,4.0,48.7,60.8,7.4,12.6,11.7,11.6,,,,,,,,534960,538152,320647
2000,II,U,11.01,86.68,98.92,99.98,98.92,98.93,64.52,53.94,30.07,90.50,69.18,24.42,40.60,102.51,97.99,32.33,10.97,0.98,9.31,64.61,51.00,11.53,45.12,49.00,84.65,76.2,80.5,9.3,33.5,21.7,8.6,4.0,47.4,51.8,7.6,13.4,11.4,12.4,26.4,14.6,26.3,1.6,41.1,62.8,3.7,634225,637278,398069
2003,II,U,15.77,77.27,96.36,99.60,96.36,97.64,63.28,48.86,28.51,95.95,70.10,27.39,30.69,111.40,96.80,35.69,10.96,0.60,7.75,64.12,56.89,8.51,52.05,43.11,84.73,69.6,79.0,9.0,32.0,21.1,8.6,4.2,60.8,46.8,10.9,11.3,9.8,9.1,42.5,16.9,35.0,3.9,55.7,52.5,4.5,575122,579535,312094
2006,II,U,12.91,78.46,99.06,99.95,99.06,98.49,62.99,47.33,35.12,91.83,66.52,30.84,43.12,104.69,100.19,44.70,10.72,1.28,7.75,68.16,59.48,6.15,55.82,40.52,82.23,71.5,80.5,7.7,30.0,22.1,11.7,4.1,69.1,44.3,9.2,7.3,5.5,5.6,60.8,31.0,43.9,6.7,52.9,88.5,7.9,728329,733756,313299
2009,II,U,12.32,80.13,98.95,99.97,98.95,99.00,65.47,41.16,31.82,94.25,70.02,25.52,38.69,105.07,90.70,34.49,10.66,1.54,9.93,65.10,54.95,5.78,51.77,45.05,86.18,72.1,82.8,9.1,31.3,18.8,13.2,4.3,71.6,56.3,13.4,8.0,7.8,8.2,70.6,46.8,60.3,5.0,56.8,92.5,7.3,854382,870171,422686
1990,III,U,23.96,47.14,74.65,99.23,85.21,73.61,57.46,53.68,20.20,90.44,64.58,6.77,27.69,101.27,93.23,7.12,9.12,4.36,67.90,57.61,50.81,6.92,47.30,49.19,86.65,,75.7,11.6,38.7,21.3,8.4,4.2,73.7,43.7,5.5,34.1,28.5,29.9,,,,,,,,176002,177337,95260
1992,III,U,16.52,46.93,88.02,99.37,88.70,85.34,59.72,54.56,19.61,85.86,55.22,10.32,31.49,104.02,81.04,13.59,9.42,3.39,63.85,58.37,50.95,4.63,48.59,49.05,87.56,69.8,76.7,10.0,34.3,20.3,10.0,3.7,60.0,66.2,5.8,29.7,24.6,25.1,,,,,,,,230390,231837,136163
1994,III,U,18.91,56.91,91.60,99.25,92.03,89.30,59.09,52.85,23.33,88.53,60.15,8.96,33.38,105.13,84.82,12.01,9.34,2.89,57.82,57.56,52.13,4.14,49.97,47.87,83.59,77.2,73.8,10.1,35.0,20.6,8.9,4.0,61.2,47.9,4.6,31.7,26.7,28.9,,,,,,,,237492,239394,139684
1996,III,U,21.59,60.98,95.51,99.42,95.51,91.65,67.29,59.56,20.49,93.79,55.45,20.17,27.17,108.76,80.79,24.86,9.81,3.56,56.92,63.09,52.23,5.77,49.22,47.77,82.04,68.6,71.9,11.2,38.2,17.6,7.4,4.0,55.5,59.9,6.3,26.3,22.1,22.7,,,,2.4,,,4.4,426903,430214,266329
1998,III,U,24.32,66.05,95.26,98.96,95.26,91.01,70.76,54.72,27.34,93.01,63.00,13.50,35.61,102.20,82.72,18.20,9.75,3.31,65.07,63.61,53.74,11.70,47.45,46.26,80.02,70.3,76.0,9.8,37.3,19.1,9.0,4.0,66.7,61.5,10.4,29.1,23.1,25.8,,,,,,,,358531,362579,223693
2000,III,U,19.37,62.04,97.80,99.72,97.80,94.23,68.87,55.85,32.27,90.91,59.03,11.66,46.08,105.36,89.39,19.31,9.96,2.61,65.04,71.05,56.16,11.49,49.70,43.84,79.84,69.7,82.7,8.3,37.8,16.6,9.0,4.0,72.6,54.9,11.7,24.1,19.6,21.6,18.9,5.0,14.1,0.6,35.0,56.3,3.7,377458,382243,219268
2003,III,U,15.73,57.03,98.63,99.22,98.63,95.20,71.25,50.51,34.91,95.69,73.60,24.58,41.29,103.38,98.54,31.72,9.73,3.36,59.23,70.31,57.03,10.21,51.21,42.97,81.98,66.8,76.0,7.1,33.2,19.6,9.8,3.9,75.2,53.0,9.7,25.3,20.5,20.3,35.5,8.6,20.1,2.1,47.0,64.8,5.0,399055,405356,231075
2006,III,U,12.98,66.78,98.25,99.87,98.25,94.97,68.32,50.80,38.06,92.72,69.75,23.73,47.90,104.83,96.70,31.16,10.48,1.92,58.34,69.47,58.60,6.65,54.70,41.40,83.58,70.2,80.1,8.6,34.2,20.1,9.0,4.0,77.2,49.9,8.7,11.1,9.4,10.3,59.9,21.2,39.3,3.8,50.0,85.2,4.1,659966,667259,316179
2009,III,U,14.00,70.58,98.47,99.79,98.47,96.57,67.90,48.10,32.66,88.63,72.82,24.52,46.53,99.74,104.58,29.52,10.49,1.83,54.48,65.76,56.01,9.50,50.69,43.99,83.53,60.1,80.0,9.4,34.3,20.5,9.1,4.0,77.7,53.7,10.6,18.3,15.3,17.4,68.1,36.5,54.8,6.5,55.5,89.1,6.1,659505,675276,353739
1990,IV,U,23.46,54.80,73.30,98.65,79.40,65.44,64.43,50.46,19.10,91.61,66.81,16.53,24.63,103.15,91.48,17.20,9.34,4.41,41.37,57.76,48.97,8.68,44.72,51.03,82.80,,70.6,10.9,35.3,22.5,9.8,4.1,74.4,39.9,5.5,44.9,39.9,40.5,,,,,,,,122649,124192,71788
1992,IV,U,23.39,37.29,84.99,99.20,85.40,69.68,68.14,48.35,18.77,91.17,67.37,11.06,27.54,102.72,93.46,14.16,9.53,2.83,36.81,55.65,52.06,7.30,48.26,47.94,90.70,57.8,66.7,9.8,33.2,22.8,10.9,4.0,66.3,63.0,7.8,42.1,35.6,37.0,,,,,,,,190859,192703,103816
1994,IV,U,20.68,52.68,91.02,99.61,91.78,74.66,70.83,52.09,26.83,91.76,69.43,16.39,35.03,102.16,98.23,19.11,9.52,2.89,55.85,61.45,54.01,8.27,49.54,45.99,75.38,72.4,73.3,9.4,33.4,20.4,11.1,3.9,74.6,48.5,7.3,32.3,27.2,27.9,,,,,,,,240221,242317,128378
1996,IV,U,20.88,59.73,89.57,99.26,89.57,75.06,73.10,53.03,32.33,90.07,64.71,19.17,41.71,102.93,95.15,23.52,9.51,4.90,39.17,63.39,54.58,7.23,50.63,45.42,75.25,63.7,75.5,8.8,33.3,21.6,11.0,4.1,70.9,60.5,11.9,28.8,24.6,26.3,,,,0.6,,,3.4,335030,338579,176986
1998,IV,U,18.45,69.36,94.09,99.88,94.09,81.12,73.98,55.09,30.09,92.19,62.87,18.25,37.95,103.97,82.36,23.51,10.08,3.75,35.76,62.39,56.57,10.08,50.87,43.43,73.72,61.9,75.5,10.2,35.5,20.4,10.4,3.9,70.1,68.8,11.9,24.3,19.5,20.9,,,,,,,,413681,417846,224130
2000,IV,U,14.79,71.84,97.42,99.82,97.42,84.23,76.50,52.58,35.74,94.39,72.98,27.58,43.00,103.27,98.80,36.91,10.12,3.04,31.64,70.14,53.18,12.09,46.75,46.82,75.82,63.5,74.6,7.5,33.1,19.2,11.4,4.0,72.4,51.5,12.1,23.9,19.7,20.1,19.8,4.6,14.3,1.3,38.6,49.3,6.2,468343,473684,241258
2003,IV,U,12.44,69.44,95.69,99.59,95.69,87.13,72.15,50.64,35.59,94.30,76.79,26.90,42.14,106.70,95.93,37.59,10.45,2.32,30.72,67.90,54.57,9.57,49.35,45.43,74.16,59.8,72.9,8.6,32.7,18.8,11.1,3.8,76.9,52.1,10.8,22.3,18.4,19.8,42.9,11.4,27.3,1.3,52.1,62.5,3.0,496728,501874,270568
2006,IV,U,12.57,69.81,97.33,99.33,97.33,92.76,76.37,43.17,41.90,91.38,77.77,24.25,54.05,103.52,100.08,32.34,9.93,3.15,33.64,68.43,52.59,7.58,48.60,47.41,72.34,62.6,78.2,6.5,28.9,19.7,14.0,3.9,85.9,46.5,10.6,17.1,14.0,15.6,53.8,12.1,30.3,1.5,38.1,83.7,4.9,461890,470936,232718
2009,IV,U,8.83,75.99,98.52,99.83,98.52,95.46,71.72,45.42,38.36,92.83,71.89,29.91,47.86,104.89,98.38,39.26,10.19,2.28,26.77,68.09,53.91,8.42,49.36,46.09,75.65,59.7,75.6,6.5,27.3,19.7,14.6,3.5,86.4,45.5,9.7,17.7,14.8,15.7,67.8,25.0,39.4,1.8,44.0,91.5,6.3,558153,574825,335220
1990,IX,U,22.50,78.80,69.01,92.11,71.77,59.87,67.16,52.93,15.92,92.25,56.10,15.48,22.88,104.44,77.69,16.49,9.04,5.79,49.35,56.31,47.54,7.96,43.75,52.46,86.74,,67.2,10.5,35.9,21.4,12.1,4.1,72.7,36.5,3.8,47.0,41.5,42.2,,,,,,,,129121,130654,73997
1992,IX,U,22.26,64.72,75.36,98.28,76.00,71.96,69.14,54.29,19.71,88.02,57.84,16.65,29.69,103.35,84.20,19.26,9.02,4.81,45.22,57.84,49.61,5.92,46.68,50.39,83.78,60.9,74.0,10.9,35.3,21.8,11.1,4.0,67.0,52.4,4.7,45.2,38.6,39.5,,,,,,,,148565,151132,84401
1994,IX,U,16.73,78.93,79.18,98.36,80.30,74.59,64.01,56.50,16.60,93.64,61.60,14.17,21.51,105.84,84.79,18.37,9.11,4.26,47.54,55.85,51.18,5.02,48.61,48.82,78.11,68.8,71.4,10.7,34.1,20.2,11.8,3.6,68.7,54.0,5.9,37.0,31.4,32.2,,,,,,,,261173,262982,170899
1996,IX,U,20.68,78.08,83.61,98.23,83.61,72.61,72.01,57.20,25.14,90.70,56.56,20.96,35.79,104.87,78.40,23.85,9.30,5.54,47.72,63.78,54.41,7.91,50.11,45.59,75.35,60.2,74.7,9.3,36.0,19.3,10.7,3.9,66.6,62.1,11.6,34.7,29.3,30.3,,,,9.9,,,5.6,300821,305402,159445
1998,IX,U,18.24,82.60,90.45,99.38,90.45,77.86,70.96,56.37,29.01,95.09,63.72,26.76,34.18,107.70,88.53,35.14,10.01,3.96,46.15,65.14,51.99,9.51,47.05,48.01,78.41,65.6,74.6,9.0,34.5,20.6,10.1,3.8,66.1,56.6,10.9,33.5,27.0,29.6,,,,,,,,412561,417595,250505
2000,IX,U,18.47,83.41,89.90,99.42,89.90,81.86,72.90,55.85,29.09,94.94,66.26,25.63,35.32,108.14,93.94,37.15,9.98,4.15,43.98,66.98,55.07,13.20,47.80,44.93,72.47,58.9,75.3,9.1,34.0,19.3,10.6,3.9,69.5,52.8,13.1,31.8,26.2,27.5,17.1,6.7,14.1,11.6,40.6,58.6,8.4,442490,448485,259369
2003,IX,U,12.72,82.83,92.96,99.33,92.96,84.25,68.63,49.73,34.73,94.75,73.28,38.30,42.16,105.90,112.78,49.74,10.24,5.69,38.02,73.79,52.09,11.94,45.87,47.91,71.85,59.8,75.9,6.8,32.0,21.8,11.1,3.7,74.7,47.8,11.7,29.8,24.9,25.9,35.3,10.8,22.0,14.0,50.2,74.2,3.0,435299,442237,266168
2006,IX,U,8.90,74.68,96.07,99.61,96.07,87.70,71.43,50.24,41.34,94.20,75.66,25.59,49.42,106.97,100.52,35.64,10.19,4.74,37.35,69.25,55.67,7.85,51.30,44.33,79.56,62.3,72.8,6.6,29.8,19.9,12.9,3.6,80.5,47.1,12.0,19.9,16.7,18.3,56.2,16.3,32.5,12.8,45.6,86.7,7.5,489935,498762,259564
2009,IX,U,10.07,81.66,98.00,99.67,98.00,89.39,70.90,51.89,44.19,95.04,75.42,29.81,50.37,107.73,102.49,35.04,10.11,4.30,31.64,72.09,51.71,12.88,45.05,48.29,77.83,52.9,73.2,6.2,29.6,19.3,14.1,3.5,83.3,49.4,13.1,27.8,23.8,24.6,66.1,21.9,38.9,14.5,44.2,89.4,9.3,501280,527788,344018
1990,RM,U,21.43,68.92,84.92,99.39,94.20,84.97,64.23,57.01,20.18,90.59,65.35,15.93,27.35,101.85,90.37,19.84,9.99,2.38,33.67,55.48,55.36,8.00,50.92,44.64,85.37,,77.0,10.3,32.4,23.8,10.0,4.0,59.5,42.5,4.6,33.1,28.6,29.1,,,,,,,,181643,182886,93717
1992,RM,U,19.12,66.36,89.91,99.54,91.50,90.22,65.76,58.26,23.70,90.50,63.80,15.95,31.67,102.05,95.72,19.92,9.87,2.68,32.84,57.15,57.69,5.22,54.68,42.31,87.87,64.7,77.0,9.9,32.4,23.2,10.2,3.9,53.7,61.7,7.2,26.2,22.2,22.5,,,,,,,,299212,300875,154736
1994,RM,U,18.90,76.26,90.10,99.88,91.47,90.99,65.75,56.67,25.30,90.63,63.10,22.82,33.11,102.97,86.37,28.34,10.00,2.45,31.51,59.08,58.14,6.00,54.65,41.86,81.34,74.9,76.0,9.4,31.9,22.7,9.9,3.9,53.0,54.1,6.3,19.6,16.8,17.4,,,,,,,,412690,389665,220800
1996,RM,U,15.81,83.64,93.73,99.63,93.73,94.48,68.18,57.74,26.55,91.43,66.92,26.18,35.89,102.07,88.02,31.69,10.43,2.44,32.22,63.05,58.92,5.00,55.98,41.08,80.18,69.9,78.1,9.1,32.9,20.5,10.1,3.9,47.2,66.8,9.0,14.8,12.4,12.6,,,,2.3,,,3.6,534600,537326,271026
1998,RM,U,15.74,82.74,93.38,99.89,93.38,93.84,70.60,55.26,27.00,91.75,66.66,24.44,35.52,102.42,89.45,32.79,10.55,2.26,32.61,63.65,59.80,9.72,53.99,40.20,79.04,67.9,77.4,8.6,32.5,20.4,10.0,3.8,51.9,65.9,7.8,15.5,12.4,13.2,,,,,,,,606572,609452,326017
2000,RM,U,14.31,84.74,95.62,99.95,95.62,96.06,69.87,56.96,28.72,91.50,66.88,24.72,38.26,103.18,91.39,35.94,10.78,1.81,30.64,66.20,60.30,9.93,54.31,39.70,79.49,66.9,77.7,8.4,32.5,19.7,9.9,3.9,56.2,55.6,11.0,15.2,11.9,12.7,21.4,12.6,24.2,2.7,44.1,58.2,4.0,655966,659288,342637
2003,RM,U,11.95,85.37,96.13,99.90,96.13,97.23,68.96,54.56,30.17,92.48,72.38,30.08,38.94,103.54,96.87,44.44,11.05,2.09,26.55,67.51,61.65,9.46,55.82,38.35,79.36,66.4,77.9,7.5,30.3,19.9,10.6,3.8,63.5,52.2,8.8,13.2,10.5,11.2,38.4,19.5,34.4,3.2,52.3,65.0,3.1,721696,725352,391323
2006,RM,U,10.63,84.51,97.52,99.93,97.52,98.26,67.56,51.41,38.14,91.54,71.19,30.11,48.42,105.29,92.04,43.06,10.89,2.09,11.60,69.09,61.66,7.04,57.33,38.34,79.93,67.3,77.4,6.7,28.9,19.6,12.2,3.7,68.9,49.2,8.1,10.7,8.8,9.2,55.6,28.5,43.9,4.4,48.6,87.4,6.6,799030,803326,381465
2009,RM,U,8.19,86.42,98.64,99.94,98.64,99.19,65.03,47.60,37.87,93.06,70.73,31.64,44.98,105.58,95.46,45.33,11.23,1.78,11.59,67.18,59.93,10.19,53.82,40.07,82.26,65.3,76.8,6.5,25.4,21.0,15.3,3.6,71.2,52.5,8.9,11.7,9.8,10.4,65.2,40.1,52.6,4.1,52.5,93.2,6.5,1002982,1015528,524761
1990,V,U,23.10,68.48,76.82,98.76,84.09,78.04,64.89,52.61,16.23,90.40,70.61,20.47,21.67,100.17,90.42,23.79,9.57,2.89,20.44,56.94,47.99,11.29,42.57,52.01,83.08,,74.1,10.0,34.1,22.0,11.8,3.8,65.5,37.7,9.9,43.6,36.9,38.6,,,,,,,,128105,129384,72948
1992,V,U,18.39,59.54,84.91,99.08,86.39,85.86,61.18,59.59,19.45,91.88,66.15,18.95,27.85,103.49,92.66,23.37,9.81,2.46,17.61,60.36,52.17,5.86,49.11,47.83,88.16,63.9,76.6,9.8,33.9,20.9,10.2,3.8,67.4,56.8,6.6,36.3,30.6,30.5,,,,,,,,210466,212168,120343
1994,V,U,16.05,71.46,92.24,99.61,92.95,89.96,66.17,52.81,26.46,92.70,65.26,26.39,32.44,104.96,86.37,31.64,9.91,1.93,36.62,61.54,52.52,7.53,48.57,47.48,76.72,74.0,77.0,9.4,31.9,20.2,12.9,3.8,66.4,52.7,8.1,27.4,22.1,23.9,,,,,,,,272681,274551,147633
1996,V,U,15.29,78.50,91.17,99.86,91.17,91.84,65.54,55.42,26.61,91.30,66.67,20.19,35.97,102.71,91.01,26.51,10.05,2.77,19.37,64.02,52.49,6.92,48.86,47.51,77.51,65.8,76.1,7.9,31.6,19.9,13.2,3.8,64.5,62.1,10.1,22.3,18.7,19.0,,,,1.5,,,3.6,344968,348365,183025
1998,V,U,13.86,78.17,92.50,99.65,92.50,91.46,69.11,54.72,27.81,92.42,71.08,23.54,36.81,103.40,100.39,29.67,10.35,2.47,21.82,65.90,56.61,10.47,50.68,43.39,73.45,63.9,76.2,8.0,31.4,19.4,12.1,3.8,62.3,63.9,10.6,18.7,15.6,15.4,,,,,,,,451787,455406,241524
2000,V,U,12.70,82.15,94.22,99.82,94.22,93.64,67.10,55.61,29.10,91.48,68.67,26.23,36.52,103.73,101.15,33.92,10.44,2.02,21.10,66.88,54.30,12.07,47.74,45.70,73.13,62.1,75.1,8.2,30.8,18.9,14.1,3.7,66.8,52.7,8.6,18.8,15.1,16.2,19.4,8.5,17.7,0.7,43.0,60.5,5.1,442221,446491,237814
2003,V,U,11.04,74.97,95.80,99.73,95.80,95.82,68.68,50.14,29.81,93.54,72.70,27.04,38.20,106.55,95.26,41.36,10.57,2.29,18.75,68.42,55.50,12.62,48.50,44.50,73.38,62.6,76.3,7.3,30.5,18.6,13.2,3.7,73.1,52.2,6.8,20.1,16.1,16.8,37.3,12.2,26.9,1.2,49.7,65.2,4.8,414942,419297,241722
2006,V,U,11.15,74.45,96.45,99.90,96.45,96.85,67.86,48.67,38.19,92.21,73.33,31.76,46.19,102.38,100.70,44.03,10.48,2.85,16.94,69.41,56.95,8.70,52.00,43.05,76.52,64.7,77.5,6.9,29.2,19.6,13.8,3.6,80.2,48.9,8.7,16.1,12.7,13.9,54.7,18.5,34.4,2.2,44.5,87.8,7.5,511788,517987,263229
2009,V,U,7.97,78.70,96.34,99.85,96.34,97.79,65.61,45.32,38.99,92.81,72.95,32.12,47.48,104.68,95.22,43.03,10.72,2.16,14.83,69.35,54.19,12.56,47.38,45.81,80.02,65.2,77.8,6.3,26.7,19.9,16.2,3.4,81.2,52.4,13.5,15.9,13.4,14.5,64.5,30.6,44.8,3.3,47.2,90.8,7.5,619814,637559,329274
1990,VI,U,23.94,56.67,75.51,98.40,83.67,60.56,58.97,57.84,17.28,91.37,61.51,8.04,24.09,101.73,88.40,8.97,8.90,4.94,26.37,56.71,53.95,10.30,48.39,46.05,85.79,,76.7,10.3,37.0,20.9,8.8,4.1,64.7,40.1,6.4,42.4,37.2,38.6,,,,,,,,130624,131853,72683
1992,VI,U,17.02,60.91,87.76,98.40,88.70,71.95,65.82,56.58,18.96,91.10,62.74,13.59,26.49,102.88,90.21,16.06,9.48,3.93,25.51,55.20,53.11,4.98,50.46,46.89,90.17,69.8,77.0,10.2,32.3,22.3,10.8,4.0,63.2,65.8,5.8,28.8,25.2,25.6,,,,,,,,236652,238468,124522
1994,VI,U,19.15,64.64,80.13,99.15,81.18,71.40,68.23,58.36,22.08,90.68,63.12,11.69,29.81,100.39,93.21,15.74,9.09,3.47,59.28,57.86,54.76,8.63,50.04,45.24,72.21,80.6,79.3,9.0,33.7,20.7,10.0,3.9,64.5,49.8,5.3,36.0,30.2,31.4,,,,,,,,231409,233037,130140
1996,VI,U,15.13,62.03,83.60,98.26,83.60,70.97,71.32,59.85,22.49,91.62,60.38,19.52,31.72,103.22,78.67,23.90,9.18,4.84,28.60,60.93,53.40,7.44,49.43,46.60,75.50,69.8,79.0,9.3,34.1,19.7,10.9,3.9,64.6,65.1,13.1,28.4,25.3,25.2,,,,1.6,,,4.2,312422,315457,167248
1998,VI,U,15.18,66.31,88.26,99.34,88.26,77.72,69.88,58.26,22.39,91.32,67.19,21.19,30.50,100.34,91.05,28.15,9.49,4.14,30.80,59.59,55.46,9.68,50.09,44.54,73.89,67.6,78.5,9.9,33.8,21.7,9.1,3.9,61.3,63.6,15.0,24.9,21.1,21.4,,,,,,,,395725,399368,217364
2000,VI,U,14.23,65.24,91.16,99.24,91.16,83.96,71.26,56.13,26.62,91.78,67.01,23.66,36.44,102.40,86.60,28.03,9.57,4.33,29.64,64.81,55.29,8.51,50.58,44.71,76.87,66.7,77.0,7.5,32.1,19.1,11.3,3.9,67.6,48.8,11.4,21.7,18.1,18.6,16.1,5.9,13.3,0.9,37.9,56.2,4.9,411786,416524,216040
2003,VI,U,13.36,69.20,91.74,99.47,91.74,88.30,68.93,55.51,30.48,94.42,70.36,21.04,37.57,107.90,99.60,31.84,9.90,4.27,25.74,66.94,56.85,8.15,52.22,43.15,80.89,69.9,79.7,7.7,30.5,19.5,11.3,3.6,72.9,53.7,13.3,20.0,16.2,17.1,37.5,8.3,22.3,1.3,48.1,63.1,2.6,408877,413568,234955
2006,VI,U,9.23,71.13,95.68,99.83,95.68,93.04,69.78,48.98,35.98,91.47,72.63,27.83,46.45,104.08,95.33,37.15,9.83,4.03,28.03,68.42,55.97,7.13,51.98,44.03,81.05,71.8,81.6,6.4,28.2,19.4,13.4,3.6,75.3,50.4,11.8,13.3,10.6,10.9,56.3,15.4,30.0,1.4,42.0,85.1,5.8,513307,519747,260986
2009,VI,U,8.20,76.08,94.71,99.84,94.71,95.24,69.15,49.43,36.38,94.99,64.81,29.13,41.46,112.02,83.47,37.94,10.15,4.38,26.12,66.28,56.10,8.25,51.47,43.90,83.81,69.9,79.6,6.7,26.9,19.5,15.6,3.5,77.8,47.8,14.2,15.2,12.7,13.4,68.2,23.4,39.9,2.2,43.6,89.7,9.2,630837,647381,350481
1990,VII,U,23.70,56.65,79.82,98.18,90.07,51.19,64.56,54.23,15.80,90.24,69.10,11.74,23.88,100.58,85.43,12.71,9.04,6.53,64.36,57.66,51.58,7.53,47.70,48.42,78.12,,70.5,9.4,35.8,20.2,11.4,3.9,75.9,35.4,6.3,43.8,38.3,39.0,,,,,,,,151155,152690,80466
1992,VII,U,22.98,51.16,83.86,98.87,84.45,58.73,64.99,56.22,16.71,87.46,51.63,10.50,26.10,103.72,68.90,12.74,9.00,4.96,62.64,54.38,55.32,6.51,51.72,44.68,77.31,63.3,73.0,10.1,34.7,20.2,11.3,3.9,67.9,51.3,3.7,39.3,33.0,33.8,,,,,,,,214609,216156,111117
1994,VII,U,18.28,54.64,90.00,99.39,90.96,68.90,68.46,55.94,24.10,91.83,61.04,16.62,32.78,103.88,84.82,19.85,9.00,5.64,58.81,61.05,55.48,8.33,50.86,44.52,74.85,74.1,76.0,8.5,33.0,19.9,11.4,3.7,71.0,45.0,9.3,39.2,34.6,34.1,,,,,,,,230755,232754,134645
1996,VII,U,19.52,62.42,88.71,99.35,88.71,70.32,71.33,57.90,25.28,90.80,62.57,14.63,35.25,104.45,82.43,17.70,9.11,5.63,55.78,61.32,54.07,5.93,50.86,45.93,69.76,62.2,75.6,8.9,34.5,19.2,10.8,3.9,68.6,57.9,13.8,33.2,28.4,29.1,,,,0.3,,,5.6,318120,322002,174264
1998,VII,U,20.00,66.89,91.35,99.04,91.35,71.95,73.42,56.14,29.88,94.44,68.91,19.02,36.02,104.43,93.59,24.88,9.30,5.75,54.90,64.93,56.38,10.66,50.37,43.62,71.95,64.3,77.6,8.1,32.7,19.6,10.0,3.9,70.4,61.0,17.4,29.8,25.8,25.5,,,,,,,,363436,367986,195360
2000,VII,U,15.56,65.54,94.86,99.56,94.86,80.11,71.25,56.75,28.79,93.47,65.27,22.09,36.16,106.45,91.43,29.49,9.85,4.11,53.30,65.23,55.12,9.16,50.08,44.88,75.99,64.2,75.4,8.7,32.9,20.1,10.1,3.8,70.5,53.3,11.7,26.0,21.1,21.9,19.4,5.3,11.5,1.2,37.1,62.5,7.7,461431,465924,265678
2003,VII,U,15.58,66.23,93.44,99.85,93.44,83.94,73.77,51.34,33.86,96.14,72.07,24.23,39.65,108.70,96.49,31.07,9.68,4.47,54.76,68.16,56.98,10.96,50.74,43.02,75.19,61.0,73.3,7.4,31.5,19.3,11.7,3.7,79.6,49.5,11.4,25.2,21.4,22.4,38.2,5.3,15.5,1.6,44.0,64.9,3.6,415793,422327,231195
2006,VII,U,10.64,68.46,93.82,99.72,93.82,90.06,72.10,53.45,44.26,94.71,71.68,25.85,50.55,106.84,93.16,34.71,9.87,4.65,47.36,68.51,57.09,7.55,52.78,42.91,77.58,64.6,76.9,7.4,29.6,19.8,12.4,3.6,85.2,45.9,9.0,19.7,16.6,16.6,56.8,11.9,27.9,1.6,40.3,87.4,7.9,476846,484581,243979
2009,VII,U,9.13,75.24,97.79,99.94,97.79,94.39,71.41,50.45,46.72,93.22,74.28,27.76,54.87,103.79,95.02,37.85,9.85,5.71,38.51,69.02,53.29,9.90,48.02,46.71,79.53,64.4,81.0,6.9,27.5,18.2,14.3,3.4,84.5,50.4,9.4,24.4,19.6,21.7,67.9,18.5,38.7,1.6,38.5,88.3,8.4,568140,588402,356857
1990,VIII,U,28.94,72.74,65.81,97.51,72.25,64.94,65.78,55.92,14.90,91.61,63.18,11.10,21.58,103.59,90.33,13.54,9.00,5.27,65.66,54.63,48.24,9.81,43.51,51.76,80.62,,77.7,10.1,35.2,24.0,9.0,4.2,69.7,32.8,3.6,48.6,43.5,44.4,,,,,,,,129554,131222,72488
1992,VIII,U,27.57,61.45,72.24,98.02,73.43,68.80,66.93,52.90,18.80,91.07,58.57,11.58,26.81,105.48,85.51,14.76,8.98,5.68,61.30,56.83,50.47,9.65,45.60,49.53,80.89,63.6,77.8,10.2,35.4,22.3,9.0,4.1,69.1,49.7,7.9,46.1,40.5,41.7,,,,,,,,176838,179325,100167
1994,VIII,U,20.13,79.17,78.79,99.19,79.87,74.98,67.50,53.73,21.55,91.94,62.75,19.11,29.48,106.10,88.21,25.23,9.37,4.26,54.85,59.42,51.02,8.42,46.72,48.98,78.69,77.5,79.0,9.2,32.4,22.6,9.9,4.0,67.2,45.8,6.3,40.2,34.4,35.2,,,,,,,,244349,246848,134154
1996,VIII,U,19.64,79.07,82.86,99.14,82.86,77.25,69.31,60.82,25.96,91.64,68.50,25.79,36.16,101.41,88.58,33.24,9.83,4.15,53.11,64.84,51.49,7.65,47.56,48.51,78.00,69.7,79.2,8.5,34.0,20.7,8.2,3.9,62.8,57.5,9.9,32.8,28.7,29.2,,,,1.5,,,4.4,345725,349778,198185
1998,VIII,U,17.52,84.66,87.85,99.49,87.85,82.92,72.10,58.52,24.38,92.22,66.40,23.66,33.16,103.59,94.64,32.62,9.91,4.36,54.19,64.53,51.83,13.05,45.07,48.17,78.32,68.3,79.1,8.3,32.8,20.4,9.6,4.0,69.9,59.0,11.4,30.4,25.3,26.4,,,,,,,,402759,407653,231848
2000,VIII,U,15.94,81.73,89.68,99.62,89.68,85.93,73.75,54.34,27.06,94.08,69.32,25.25,35.03,106.16,95.80,35.11,10.11,3.90,53.49,67.34,51.06,12.59,44.63,48.94,75.47,67.0,78.2,7.8,32.4,19.7,10.1,3.8,73.4,49.8,13.0,26.3,21.4,21.5,17.6,7.1,19.3,2.8,40.8,52.2,6.0,468121,473464,290178
2003,VIII,U,14.95,75.34,91.92,99.47,91.92,89.57,71.19,54.55,31.43,94.65,70.82,27.06,37.63,107.48,92.19,40.50,10.18,4.24,49.31,66.66,52.40,11.43,46.41,47.60,76.95,64.6,78.5,7.6,31.3,19.4,10.8,3.8,78.4,48.5,11.4,27.9,23.2,24.3,35.4,8.9,20.9,1.5,42.2,63.8,3.9,419556,425865,251062
2006,VIII,U,11.98,78.13,95.52,99.69,95.52,93.47,72.15,49.21,35.89,93.47,74.86,32.29,44.63,106.63,100.57,43.05,10.30,4.20,45.89,69.70,52.36,10.23,47.00,47.64,79.00,67.4,79.3,6.7,28.6,19.9,13.3,3.7,82.7,47.1,11.7,20.9,17.7,18.6,53.8,17.7,32.7,3.4,43.7,85.4,7.1,485562,493854,266385
2009,VIII,U,9.27,82.17,96.51,99.85,96.51,95.63,69.59,49.76,40.12,92.86,71.68,35.37,50.07,107.56,97.02,48.50,10.40,3.98,41.61,72.01,52.16,12.83,45.47,47.84,80.31,65.7,80.5,6.2,27.6,19.8,14.0,3.6,85.2,52.5,11.3,21.6,18.2,18.9,65.2,27.8,43.9,3.4,46.8,89.1,8.8,553798,575935,322179
1990,X,U,22.74,74.68,66.61,98.17,68.96,62.02,59.66,54.42,14.81,90.10,59.14,12.66,23.44,101.98,79.93,15.89,8.92,4.66,65.48,54.01,51.46,9.23,46.70,48.54,89.03,,74.4,10.5,35.4,22.9,9.1,4.1,71.1,41.9,3.8,46.3,40.5,41.1,,,,,,,,138486,139850,70650
1992,X,U,19.14,77.09,79.74,98.41,79.97,70.27,66.42,52.46,19.74,89.72,58.94,11.54,29.33,101.95,84.92,14.75,8.97,5.29,56.58,56.25,53.69,5.85,50.54,46.31,80.59,60.8,71.6,9.7,33.6,21.9,11.2,3.8,53.3,60.2,5.1,39.6,33.6,35.0,,,,,,,,206563,208486,111070
1994,X,U,15.54,82.63,86.76,99.26,87.17,70.95,66.45,52.62,19.49,89.92,55.48,14.11,28.09,105.02,77.32,17.41,8.70,4.98,58.80,56.79,52.42,8.27,48.09,47.58,74.88,74.8,76.0,9.1,33.1,20.4,12.1,3.7,65.9,54.3,3.3,37.0,31.0,31.7,,,,,,,,246908,249461,144682
1996,X,U,20.33,83.40,79.71,99.19,79.71,76.72,74.05,54.74,23.06,90.97,63.10,16.49,31.31,104.12,85.93,22.05,8.89,6.02,60.48,60.64,53.08,7.37,49.17,46.92,78.18,63.3,74.4,8.7,33.9,20.0,10.9,3.9,64.5,65.6,9.8,33.2,27.4,28.8,,,,6.2,,,4.9,325037,329348,181880
1998,X,U,18.44,86.36,84.12,98.98,84.12,82.40,70.15,56.84,23.00,93.59,59.72,19.82,29.57,105.34,82.22,25.14,9.41,4.67,56.45,62.48,55.00,9.82,49.60,45.00,73.39,62.3,77.0,8.9,34.6,19.3,9.3,3.9,58.1,66.7,9.6,31.4,26.2,27.3,,,,,,,,353232,358441,206720
2000,X,U,15.62,89.58,91.29,99.82,91.29,87.13,72.22,55.03,25.04,92.69,56.65,18.46,36.44,107.31,82.46,25.78,9.35,5.18,50.07,66.21,56.40,13.40,48.84,43.60,76.47,63.1,76.6,7.7,33.6,18.9,9.9,3.8,67.6,52.7,9.5,29.1,24.5,25.6,14.7,7.5,15.3,6.9,35.4,53.5,4.0,386021,391972,222357
2003,X,U,13.12,87.45,89.86,99.45,89.86,89.54,72.33,55.78,34.94,93.22,70.01,22.78,45.08,106.07,96.89,33.11,9.84,4.18,45.20,69.23,56.32,9.66,50.88,43.68,77.79,63.9,73.2,7.5,33.7,18.3,10.1,3.8,73.9,52.6,11.6,23.8,20.4,21.1,37.7,9.7,21.6,10.6,47.7,64.2,3.9,456218,463158,264200
2006,X,U,10.77,86.81,95.34,99.48,95.34,91.95,72.94,49.89,37.83,93.15,68.32,26.00,47.89,106.23,92.55,35.24,9.77,4.17,39.76,68.61,59.72,5.88,56.21,40.28,79.95,64.4,75.3,6.3,29.8,20.3,11.3,3.6,81.7,48.4,11.5,14.3,11.4,12.6,56.5,12.7,29.6,17.3,45.0,86.2,5.4,555350,564840,260406
2009,X,U,10.09,89.26,97.02,99.91,97.02,95.16,69.07,47.45,45.05,92.34,68.24,22.89,54.53,105.43,97.96,30.76,9.65,4.34,31.75,68.64,57.17,11.89,50.37,42.83,76.51,60.0,77.5,6.6,28.7,19.1,13.4,3.4,83.3,51.0,16.5,17.7,15.4,15.6,65.1,23.3,38.7,17.6,45.8,87.6,8.0,560996,587926,297497
1990,XI,U,29.25,82.25,65.25,99.25,73.50,71.44,63.50,55.75,15.38,91.45,56.13,2.92,23.08,104.61,73.55,2.92,8.09,7.32,71.46,58.11,51.71,7.35,47.91,48.29,88.65,,74.4,10.9,41.6,18.0,7.4,4.0,73.9,46.2,6.3,39.8,34.5,34.4,,,,,,,,135304,136816,85216
1992,XI,U,18.68,83.95,79.74,99.21,80.53,67.50,63.16,56.84,16.92,88.03,63.11,4.66,25.64,103.42,97.54,4.66,8.76,3.94,59.19,56.32,57.74,5.43,54.60,42.26,86.70,70.7,77.2,11.4,38.0,22.0,7.4,3.8,54.4,61.7,7.7,31.7,27.4,28.2,,,,,,,,215279,217374,131855
1994,XI,U,23.49,85.06,82.49,98.81,82.72,81.26,67.47,57.12,16.07,86.45,65.25,4.16,27.44,98.79,95.41,5.54,8.75,3.79,67.14,55.87,60.35,9.24,54.78,39.65,79.27,77.6,74.3,11.8,38.8,21.6,5.7,3.9,52.0,50.3,8.0,32.7,28.6,27.9,,,,,,,,262277,264413,145323
1996,XI,U,22.76,90.71,85.77,99.57,85.77,87.42,61.22,59.83,21.46,90.39,55.54,10.93,27.38,101.12,94.18,13.03,8.67,5.39,64.16,58.39,59.26,4.74,56.45,40.74,85.11,70.0,77.2,11.0,37.0,20.9,7.0,4.0,55.9,65.8,8.8,25.1,22.0,21.7,,,,5.3,,,6.0,368548,373105,181863
1998,XI,U,19.69,93.06,88.93,99.79,88.93,87.19,65.70,61.02,32.35,90.71,74.08,6.47,42.14,98.92,101.69,6.74,8.90,5.90,55.71,65.34,58.95,5.07,55.96,41.05,82.32,67.7,77.4,8.7,38.3,17.8,6.8,3.8,61.6,67.2,13.8,16.9,14.5,14.2,,,,,,,,582500,588235,328082
2000,XI,U,16.28,91.68,89.31,98.53,89.31,90.63,68.18,60.69,32.54,90.45,74.33,17.56,42.55,99.68,96.89,20.92,9.45,4.20,56.51,67.79,61.29,5.84,57.71,38.71,82.60,74.9,79.3,8.7,36.1,18.6,8.3,3.7,60.8,54.9,15.1,15.5,13.7,13.8,14.2,6.0,17.1,7.1,44.2,48.4,11.4,491520,499904,275910
2003,XI,U,14.72,83.83,96.31,99.91,96.31,93.44,68.94,55.96,43.30,93.36,58.41,24.05,55.35,108.52,87.17,35.17,9.54,4.90,45.19,72.90,62.39,8.21,57.26,37.61,84.39,67.0,73.4,6.1,33.1,17.8,10.7,3.6,66.3,51.5,17.8,14.9,12.8,12.4,30.5,9.2,24.5,12.7,51.9,56.9,4.9,577696,585834,328280
2006,XI,U,11.52,86.55,97.83,99.83,97.83,95.31,68.67,55.34,46.19,93.43,71.00,22.41,51.86,108.03,94.65,29.14,9.72,3.07,44.07,69.73,60.75,3.00,58.93,39.25,84.42,67.7,71.8,8.6,32.6,21.0,9.8,3.6,77.9,48.0,17.4,9.5,6.8,7.2,58.6,10.1,29.4,12.1,45.6,87.4,8.7,566313,575159,294007
2009,XI,U,11.86,79.52,98.44,99.88,98.44,96.35,74.08,55.85,44.03,95.82,67.55,22.54,47.72,115.90,90.98,26.35,9.65,3.99,32.13,68.06,61.30,7.73,56.56,38.70,83.71,54.9,71.8,8.7,31.2,19.6,11.2,3.5,79.1,47.9,16.1,16.3,13.0,13.6,69.7,27.8,44.2,22.5,50.1,88.4,9.2,769090,788777,426574
1990,XII,U,14.54,95.10,92.81,99.62,93.93,94.04,71.13,58.09,18.10,91.20,64.54,9.98,25.93,102.69,87.93,10.98,8.99,2.90,4.71,58.28,53.87,8.40,49.35,46.13,91.87,,73.4,10.4,34.3,18.6,10.3,3.7,63.1,41.5,8.7,30.5,24.8,26.2,,,,,,,,162152,163917,86290
1992,XII,U,16.31,75.16,93.12,100.00,94.90,94.54,65.08,60.62,18.95,91.45,70.58,12.86,28.57,102.19,95.42,15.43,9.22,2.85,2.78,61.97,52.19,3.91,50.15,47.81,94.12,74.4,77.6,8.5,33.7,18.6,9.9,3.7,55.1,66.2,2.0,24.9,21.2,21.9,,,,,,,,240926,242512,139106
1994,XII,U,10.11,95.82,96.73,100.00,96.73,98.31,68.89,63.28,23.78,89.99,72.56,19.28,32.77,97.15,107.93,23.14,9.70,2.12,54.25,62.62,54.78,3.29,52.98,45.22,87.82,78.3,75.5,7.5,30.1,19.3,11.1,3.6,41.2,52.4,3.3,14.4,13.3,12.7,,,,,,,,306030,307097,170885
1996,XII,U,14.55,98.08,92.82,98.40,92.82,95.19,63.06,56.63,36.85,94.03,59.60,19.95,45.51,104.30,88.48,28.94,9.55,3.47,2.64,68.22,61.97,4.89,58.94,38.03,78.90,71.9,76.8,8.3,33.6,17.9,8.9,3.7,47.9,65.9,13.7,13.9,11.9,11.7,,,,4.0,,,2.6,426990,429936,223552
1998,XII,U,11.12,97.49,97.43,99.93,97.43,96.87,74.09,56.19,29.31,90.75,64.47,17.39,38.47,105.54,89.84,21.11,9.54,2.53,3.26,63.17,54.62,6.20,51.23,45.38,77.58,75.0,78.4,8.3,30.3,18.0,13.0,3.4,56.0,63.7,11.1,12.2,9.1,9.5,,,,,,,,490614,493975,257003
2000,XII,U,9.71,94.51,99.09,100.00,99.09,98.52,69.88,58.36,28.73,87.93,76.12,29.24,47.11,96.99,88.16,33.42,10.55,1.64,4.51,68.22,57.12,5.50,53.98,42.88,84.08,76.4,77.2,6.5,31.2,18.0,9.5,3.4,50.0,50.6,15.0,11.3,8.6,8.8,26.5,15.2,29.9,6.3,50.3,59.3,8.5,731173,734008,392135
2003,XII,U,7.05,92.62,98.99,99.91,98.99,98.49,76.61,56.00,41.96,95.67,77.58,24.10,47.93,106.89,97.99,42.78,10.24,1.14,2.20,69.65,58.77,6.71,54.83,41.23,80.93,72.9,76.5,6.3,28.0,17.0,13.7,3.3,55.4,50.1,12.0,12.5,8.7,10.6,38.6,13.4,35.3,10.5,52.0,54.1,3.4,573462,576276,327833
2006,XII,U,4.41,80.83,98.99,99.18,98.99,97.88,70.84,54.49,46.56,95.04,80.20,35.01,54.35,106.20,111.01,53.98,10.32,2.70,3.53,74.46,57.75,4.81,54.97,42.25,83.61,71.6,78.3,6.4,26.6,19.3,14.7,3.3,65.1,52.1,6.7,6.4,5.8,5.8,58.7,14.6,47.8,15.5,52.2,77.5,6.2,670075,674627,330008
2009,XII,U,10.52,87.29,99.90,99.86,99.90,98.18,73.44,54.74,43.69,93.34,77.72,21.70,49.76,104.55,95.74,35.01,10.23,2.04,2.81,66.39,61.61,8.38,56.45,38.39,86.62,63.9,77.4,8.4,27.4,17.9,13.3,3.3,75.2,55.0,11.1,8.9,7.7,8.4,72.8,34.5,53.5,23.0,56.5,89.7,10.4,755556,767837,419925
2006,XIV,U,11.05,83.75,94.61,99.65,94.61,92.55,69.10,51.69,40.02,91.54,72.73,27.26,50.72,107.89,92.60,44.34,9.75,4.16,45.85,70.25,55.25,8.95,50.30,44.75,74.37,57.8,73.4,6.6,30.0,18.2,13.5,3.6,78.9,50.3,9.0,21.3,17.8,19.0,52.4,15.2,31.6,10.8,46.2,85.7,8.0,482244,490649,249211
2009,XIV,U,9.80,82.42,95.04,99.06,95.04,95.90,72.35,46.98,40.48,93.96,62.42,31.26,47.35,114.82,80.16,38.95,10.02,4.13,44.34,69.73,50.91,12.03,44.79,49.09,80.42,64.0,75.6,7.2,30.3,19.4,12.5,3.4,84.6,54.0,9.5,21.2,17.3,20.0,60.9,26.0,41.9,10.1,43.7,90.3,8.4,500935,524474,328746
2006,XV,U,17.46,68.31,94.24,99.41,94.24,92.16,61.90,39.42,46.66,90.89,78.28,34.05,60.10,98.53,97.72,49.54,10.67,1.89,38.09,72.85,57.06,9.23,51.79,42.94,76.69,58.1,70.5,6.3,30.8,17.9,13.5,3.9,79.2,46.3,14.7,19.4,16.5,17.3,46.3,14.2,34.6,19.3,45.0,89.9,5.4,561144,568953,205860
2009,XV,U,9.90,86.14,99.95,99.99,99.95,92.22,69.79,44.67,42.63,93.77,85.14,34.79,46.66,98.59,112.69,47.05,11.30,0.90,29.80,69.40,53.25,9.81,48.03,46.75,78.77,67.6,75.8,7.8,29.5,20.9,11.8,4.0,76.6,60.9,14.8,13.1,11.5,11.3,65.1,40.9,58.5,22.3,59.6,90.3,4.5,723866,739840,376266
