year,region,sexo,porc_de_hogares_con_hacinamiento,porc_de_hogares_con_materialidad_aceptable,porc_de_hogares_con_saneamiento_aceptable,porc_de_hogares_con_energia_electricidad,porc_de_hogares_con_sistema_eliminacion_de_excretas,porc_de_hogares_con_agua_dentro_de_la_vivienda,porc_de_hogares_propietarios,porc_de_hogares_biparental,tasa_neta_de_educ_pre_escolar,tasa_neta_de_educ_basica,tasa_neta_de_educ_media,tasa_neta_de_educ_superior,tasa_bruta_de_educ_pre_escolar,tasa_bruta_de_educ_basica,tasa_bruta_de_educ_media,tasa_bruta_de_educ_superior,prom_de_escolaridad,tasa_de_analfabetismo,porc_de_asistencia_a_establecimiento_municipal,porc_de_asistencia_a_establecimiento_educal,tasa_de_participacion,tasa_de_desocupacion,tasa_de_ocupacion,tasa_de_inactividad,porc_trabajadores_con_contrato_trabajo,porc_de_trabajadores_cotizando,porc_de_trabajadores_asalariados,porc_pob_de_0_a_4_agnos,porc_de_pob_menor_de_18_agnos,porc_pob_joven,porc_pob_adulto_mayor,prom_de_personas_por_hogar,porc_de_pob_en_sistema_publico_de_salud,porc_de_mujeres_que_se_han_realizado_el_pap,porc_de_menores_de_6_agnos_con_sobrepeso_u_obeso,porc_pob_pobre,porc_hogares_pobres,porc_familias_pobres,porc_pob_con_telefono_movil,porc_hogares_con_internet,porc_hogares_con_computador,porc_pob_que_pertenece_a_etnia,porc_pob_accede_a_computador,porc_pob_accede_a_internet,porc_de_pob_con_discapacidad,prom_de_ingreso_autonomo_del_hogar,prom_ingreso_monetario_del_hogar,prom_de_ingreso_ocupacion_principal_de_los_ocupados
1990,I,H,22.54,57.67,78.91,96.27,92.77,79.79,54.70,65.94,26.63,93.32,70.34,11.92,33.79,105.34,108.00,15.32,10.31,1.67,40.98,62.17,73.18,8.31,67.10,26.82,89.52,,68.8,10.7,37.2,22.2,7.3,4.3,56.6, ,5.8,28.1,22.1,21.8,,,,,,,,218344,219782,117388
1992,I,H,18.52,54.54,89.91,98.07,91.66,91.15,53.87,68.43,27.60,87.74,66.43,17.19,20.78,102.45,86.80,17.14,10.21,1.48,34.03,64.76,75.80,3.78,72.94,24.20,88.84,69.1,73.2,10.2,36.7,19.1,8.2,4.1,53.1, ,5.8,27.1,21.9,21.4,,,,,,,,275464,276976,160531
1994,I,H,12.37,66.42,94.46,99.47,95.02,95.10,58.65,66.10,31.04,92.47,72.95,26.25,26.76,99.30,92.47,4.90,10.68,1.52,54.80,65.63,75.31,6.37,70.51,24.69,83.17,81.7,72.4,11.3,37.2,18.4,9.4,4.0,48.7, ,5.0,21.3,16.3,16.8,,,,,,,,323561,325448,195668
1996,I,H,19.98,68.49,92.77,98.80,92.77,95.35,57.18,68.07,33.06,92.80,62.40,25.70,18.41,102.50,70.92,14.17,10.84,0.52,28.57,66.81,75.00,4.91,71.32,25.00,84.96,66.9,67.0,11.9,38.9,21.4,5.8,4.2,47.5, ,4.6,20.9,16.1,16.3,,,,10.7,,,3.2,419899,422683,246129
1998,I,H,18.21,64.33,90.63,99.16,90.63,91.79,60.63,68.26,25.21,86.74,84.77,22.04,21.67,100.54,88.69,25.78,10.50,1.13,30.69,65.04,71.36,7.17,66.24,28.64,79.07,64.6,70.4,10.0,38.0,20.1,7.1,4.0,46.6, ,7.3,14.7,11.2,11.3,,,,,,,,486318,489270,290973
2000,I,H,20.14,63.81,91.04,99.08,91.04,92.54,67.36,60.22,31.44,92.43,69.24,16.07,15.50,107.13,71.04,6.03,10.70,1.32,25.34,61.82,75.05,9.99,67.55,24.95,78.20,64.7,68.0,10.8,33.0,21.7,9.5,4.3,58.3, ,10.0,20.8,14.7,15.9,25.3,8.7,16.9,14.3,37.9,56.2,6.9,569595,573974,294234
2003,I,H,14.63,67.90,91.06,97.86,91.06,93.55,63.19,59.39,31.67,94.08,70.78,33.34,16.70,98.95,66.68,7.02,10.93,1.79,19.21,65.70,74.71,7.58,69.05,25.29,76.81,64.2,69.1,9.4,33.7,21.2,7.0,4.2,63.9, ,10.0,16.5,12.1,12.0,40.0,12.9,29.5,13.6,48.8,61.8,2.8,582685,587118,300381
2006,I,H,14.99,66.60,96.12,99.47,96.12,96.81,59.11,59.46,43.43,94.95,78.76,23.97,16.57,103.49,82.08,11.70,10.83,1.08,4.67,67.86,71.22,8.35,65.27,28.78,84.24,62.1,63.6,9.0,31.4,20.7,10.7,4.0,64.1, ,5.1,11.5,7.8,7.3,53.6,20.3,33.9,14.0,52.3,92.8,11.4,583228,587171,309828
2009,I,H,12.76,69.38,95.82,98.54,95.82,96.61,57.56,60.34,40.08,93.48,62.26,23.87,17.51,106.98,55.17,11.72,10.83,1.51,3.75,70.94,71.69,3.82,68.94,28.31,90.62,51.8,63.0,9.5,34.1,17.7,8.9,3.8,73.2, ,17.0,15.7,9.9,10.5,62.1,35.3,46.7,13.8,53.2,93.5,7.8,717016,731056,423031
1990,II,H,25.67,58.05,68.28,98.90,80.70,78.53,52.24,67.68,14.26,90.45,67.27,14.92,14.57,100.74,56.91,11.39,9.93,2.12,11.62,57.24,75.46,7.05,70.14,24.54,90.48,,77.4,11.1,37.8,23.1,7.0,4.1,57.5, ,5.2,32.8,26.7,27.4,,,,,,,,189121,190364,112391
1992,II,H,27.69,52.41,82.81,98.94,85.55,86.23,54.14,65.49,13.96,87.32,55.73,10.49,17.37,103.91,67.01,1.94,9.88,1.16,12.24,52.29,77.49,6.34,72.58,22.51,89.96,71.1,78.9,13.7,38.0,22.6,6.6,4.3,55.4, ,5.0,30.5,27.3,27.0,,,,,,,,224060,225744,136475
1994,II,H,18.73,65.74,90.71,99.05,91.91,93.56,55.40,63.99,25.57,88.93,61.70,16.05,26.31,104.21,81.23,8.49,10.05,1.69,62.47,60.25,76.29,5.44,72.14,23.71,84.83,80.4,78.8,10.3,36.1,22.6,8.3,4.2,55.4, ,8.2,24.1,18.3,19.3,,,,,,,,337583,338995,191913
1996,II,H,22.08,77.15,95.65,99.56,95.65,97.27,62.24,72.38,23.16,92.45,66.07,22.50,27.46,102.13,89.30,22.19,10.60,0.99,8.09,64.95,73.43,2.82,71.35,26.57,86.89,73.7,80.5,10.3,37.1,19.5,9.1,4.1,39.4, ,10.9,16.3,11.2,10.7,,,,2.5,,,1.3,509053,511164,307778
1998,II,H,19.06,75.36,95.85,99.35,95.85,96.06,58.95,66.55,22.74,92.80,54.01,29.41,39.72,100.30,95.81,22.12,10.76,1.06,9.54,63.13,72.45,6.38,67.83,27.55,89.09,74.0,75.0,10.8,39.6,19.7,8.3,4.1,45.2, ,6.8,11.6,9.0,8.6,,,,,,,,586087,589258,362680
2000,II,H,11.70,87.41,97.86,99.56,97.86,98.93,62.46,65.40,28.56,86.27,71.98,25.99,23.88,105.46,82.34,14.84,11.36,0.93,9.32,65.37,71.50,10.75,63.82,28.50,87.28,79.0,80.6,9.6,35.5,23.0,7.0,4.1,43.8, ,3.5,12.9,10.6,10.8,30.9,16.4,29.1,2.0,43.5,67.3,3.7,713890,716650,464677
2003,II,H,17.27,76.56,95.76,99.22,95.76,97.64,60.99,58.48,24.91,97.13,64.37,26.15,32.31,102.70,72.16,12.61,11.29,0.34,8.43,66.95,74.97,6.67,69.97,25.03,87.50,75.2,79.5,8.6,33.2,20.5,7.7,4.3,57.9, ,8.6,12.2,10.0,8.9,43.0,17.6,36.2,4.2,56.6,57.4,5.0,601762,605598,347186
2006,II,H,12.66,78.84,98.27,99.88,98.27,98.49,60.91,59.03,35.72,92.27,64.11,32.65,22.57,105.05,78.71,11.64,10.93,1.29,8.72,70.03,75.35,5.59,71.14,24.65,83.32,76.0,82.5,8.6,31.1,22.2,11.3,4.3,67.4, ,14.5,7.0,4.8,5.1,61.5,33.4,45.8,7.6,53.4,90.1,8.3,797896,803381,365067
2009,II,H,11.55,83.58,98.84,99.84,98.84,99.00,65.02,55.44,32.19,95.90,68.18,22.84,24.93,103.59,84.91,24.44,10.81,1.31,11.36,65.96,73.08,3.79,70.31,26.92,90.24,78.3,83.4,9.4,33.7,18.9,12.3,4.4,69.7, ,11.5,7.8,4.2,5.1,70.4,52.3,65.4,6.1,59.3,92.7,6.9,988526,1000451,498160
1990,III,H,25.86,46.97,68.75,96.03,78.18,73.61,51.79,64.71,20.40,88.84,62.48,4.90,22.87,104.93,71.94,9.22,9.11,5.54,74.64,54.57,75.80,7.27,70.29,24.20,85.21,,73.8,12.3,39.2,20.9,7.9,4.3,73.0, ,6.7,32.9,27.6,27.4,,,,,,,,190291,191803,106955
1992,III,H,19.70,47.87,81.33,98.00,82.12,85.34,55.85,66.69,19.41,83.97,48.15,9.98,18.14,105.23,46.59,8.19,9.43,3.50,67.83,57.71,77.25,5.26,73.19,22.75,86.82,68.9,74.5,10.9,36.3,19.1,9.6,3.9,59.3, ,5.6,29.1,23.2,22.5,,,,,,,,245087,246733,145294
1994,III,H,20.42,55.43,85.90,97.39,86.56,89.30,56.34,64.21,23.83,90.00,56.58,11.83,23.70,103.44,77.94,14.14,9.29,2.87,61.41,57.75,76.46,3.05,74.13,23.54,85.37,80.5,73.6,10.5,35.2,20.1,8.6,4.1,61.0, ,4.6,32.2,26.1,27.6,,,,,,,,242126,244042,149857
1996,III,H,23.07,58.12,89.31,98.59,89.31,91.65,63.02,68.90,20.68,91.61,54.13,19.91,22.62,106.23,61.87,12.60,9.68,3.93,58.80,63.21,75.66,5.34,71.62,24.34,84.89,70.6,69.3,11.0,38.9,17.7,7.2,4.1,53.5, ,7.1,24.9,20.0,20.0,,,,2.5,,,5.0,458995,462331,302998
1998,III,H,24.36,61.34,89.94,97.71,89.94,91.01,66.11,64.28,28.26,92.47,62.40,12.69,17.85,101.66,64.05,10.30,9.62,4.30,68.54,63.16,74.81,10.18,67.20,25.19,83.52,70.9,72.7,9.8,37.5,18.6,8.8,4.1,65.9, ,7.4,26.9,20.6,21.9,,,,,,,,382302,386630,245280
2000,III,H,21.08,60.89,93.10,99.22,93.10,94.23,65.74,69.40,26.50,90.79,60.00,14.40,17.77,108.39,73.06,4.10,10.01,3.19,71.98,69.73,75.06,9.90,67.63,24.94,84.40,71.9,80.8,8.6,38.4,17.2,7.8,4.2,71.0, ,7.9,23.2,16.9,18.4,20.9,5.4,15.7,0.8,35.3,57.5,4.1,404832,409852,240294
2003,III,H,17.40,56.38,94.39,99.21,94.39,95.20,67.40,64.10,36.85,95.59,66.05,26.55,20.89,104.12,89.56,16.09,9.75,3.79,63.90,69.94,74.09,7.25,68.72,25.91,88.22,72.1,74.2,7.6,35.2,19.0,8.4,4.0,74.5, ,8.6,25.1,17.6,16.9,35.5,10.0,22.0,2.4,46.9,66.9,5.3,434149,440792,252611
2006,III,H,14.58,67.39,93.94,99.05,93.94,94.97,64.29,63.99,35.34,94.06,63.06,19.77,29.72,101.74,93.22,21.50,10.42,2.76,64.52,67.84,75.56,3.83,72.67,24.44,89.95,75.8,79.5,9.3,35.5,19.5,8.1,4.1,77.3, ,8.0,9.6,6.4,7.3,56.7,20.6,40.1,4.4,51.2,83.8,3.8,682704,689881,353851
2009,III,H,15.38,72.30,95.53,99.56,95.53,96.57,68.15,63.41,30.78,92.48,69.66,22.32,36.83,102.72,94.49,30.78,10.49,2.32,56.40,65.26,72.03,7.49,66.63,27.97,85.37,65.1,82.1,10.5,36.9,20.6,8.5,4.1,75.6, ,10.1,15.5,10.9,10.9,67.6,38.1,55.4,7.0,58.5,89.7,5.9,752373,768649,396590
1990,IV,H,32.20,47.27,54.81,85.90,60.04,65.44,62.15,64.00,14.64,91.12,51.90,13.67,35.45,99.53,95.40,25.44,8.53,5.21,48.35,52.92,73.89,7.93,68.03,26.11,76.77,,68.4,11.9,38.9,21.2,9.4,4.3,78.3, ,6.6,44.2,38.7,37.2,,,,,,,,125817,127588,73722
1992,IV,H,29.27,31.51,62.89,91.65,63.55,69.68,64.98,62.75,17.05,91.75,54.65,9.74,32.18,106.14,76.51,16.63,8.66,4.38,43.74,53.33,74.25,4.18,71.14,25.75,87.45,54.1,64.2,10.8,36.1,21.9,10.6,4.2,67.0, ,9.3,37.4,32.7,32.8,,,,,,,,176209,178278,99089
1994,IV,H,23.84,46.34,71.58,93.87,72.73,74.66,68.29,66.75,24.68,91.39,58.68,10.56,33.42,103.42,78.34,12.50,8.65,5.07,64.39,59.58,76.01,5.74,71.65,23.99,72.41,70.4,69.4,10.3,37.2,18.8,11.3,4.1,77.4, ,6.8,31.5,26.5,26.4,,,,,,,,235259,238189,134776
1996,IV,H,25.83,51.02,71.69,94.98,71.69,75.06,69.02,64.21,27.77,91.33,53.35,16.71,32.65,105.39,84.84,31.94,8.90,6.43,47.46,58.21,73.93,5.63,69.77,26.07,72.96,60.1,71.7,9.2,33.0,23.0,10.9,4.3,72.7, ,7.4,28.5,24.5,25.1,,,,0.7,,,3.5,324682,329020,174379
1998,IV,H,22.35,61.96,77.31,95.54,77.31,81.12,73.24,67.29,33.32,91.20,61.73,16.25,22.69,103.07,80.35,12.45,9.38,5.10,45.91,63.12,74.40,7.56,68.77,25.60,72.54,58.6,72.0,9.5,36.7,20.2,11.3,4.1,74.6, ,10.2,24.1,19.1,19.1,,,,,,,,404928,409999,221242
2000,IV,H,18.97,60.23,81.59,93.90,81.59,84.23,74.94,64.16,35.35,93.88,64.74,23.27,24.20,106.63,60.54,12.58,9.42,5.16,41.15,69.73,70.51,10.93,62.80,29.49,75.13,59.2,69.8,7.8,35.6,18.7,10.8,4.2,73.9, ,9.0,24.2,19.5,19.5,19.6,4.2,13.0,1.0,34.6,48.5,7.1,467736,474134,236410
2003,IV,H,14.37,61.15,83.35,97.33,83.35,87.13,73.05,65.90,36.84,92.79,69.79,20.53,22.59,107.19,77.88,22.05,9.74,4.37,38.70,66.47,71.59,8.25,65.69,28.41,72.76,58.0,69.9,8.5,34.1,19.2,10.6,4.0,78.7, ,8.5,21.0,16.3,16.9,40.8,10.9,24.7,1.2,47.2,61.6,3.9,488915,495339,268248
2006,IV,H,13.77,63.18,89.02,98.23,89.02,92.76,76.17,58.94,39.91,89.64,72.42,20.91,16.14,104.77,67.05,12.42,9.68,3.86,40.94,67.25,69.33,6.12,65.09,30.67,75.63,63.1,74.9,6.8,30.6,20.3,13.5,4.0,85.2, ,8.7,14.9,11.7,11.7,51.2,12.1,28.1,1.9,38.2,84.4,5.5,518270,527909,273036
2009,IV,H,10.22,69.05,92.62,99.23,92.62,95.46,73.11,63.11,39.98,92.30,70.24,24.63,18.68,103.17,58.62,12.96,9.90,3.25,33.39,66.93,70.38,6.71,65.67,29.62,75.95,59.4,75.1,6.9,29.6,19.7,13.5,3.6,85.2, ,12.6,15.4,12.6,12.8,66.8,25.4,39.4,1.7,42.0,90.8,6.1,607411,627151,358451
1990,IX,H,29.61,69.68,44.37,65.35,47.01,59.87,63.69,65.91,11.62,88.56,41.04,10.77,23.62,98.60,88.47,3.23,7.94,7.93,54.20,51.12,70.74,6.79,65.93,29.26,85.18,,58.2,10.6,37.5,20.9,11.5,4.3,73.3, ,3.2,46.0,40.4,40.9,,,,,,,,129924,131409,70351
1992,IX,H,28.10,60.48,55.02,80.27,55.60,71.96,66.20,69.19,15.18,88.91,38.62,10.86,37.90,96.33,111.26,29.40,8.19,7.00,46.83,52.91,72.84,4.21,69.77,27.16,81.49,49.0,63.3,10.9,38.4,21.7,10.3,4.3,71.9, ,4.8,40.8,36.4,37.0,,,,,,,,153389,156063,84757
1994,IX,H,22.20,72.08,56.67,86.04,58.15,74.59,65.24,72.04,12.18,92.56,47.49,9.34,32.48,104.13,82.71,30.93,8.38,5.01,50.52,52.48,75.01,4.46,71.66,24.99,75.72,58.9,59.9,11.7,37.9,19.0,10.3,4.0,74.9, ,3.3,34.6,29.5,29.4,,,,,,,,231217,233888,151194
1996,IX,H,23.70,73.97,56.47,77.18,56.47,72.61,73.94,68.15,21.73,90.68,48.33,14.55,40.63,109.44,94.80,35.24,8.22,6.69,47.29,59.52,75.32,5.56,71.14,24.68,72.65,45.8,61.4,9.2,36.9,20.2,10.8,4.2,73.3, ,10.6,34.9,30.4,30.2,,,,28.4,,,6.8,262188,268201,141330
1998,IX,H,21.97,78.41,63.29,84.77,63.29,77.86,72.28,69.86,19.35,94.05,47.86,16.37,32.95,105.36,92.31,31.34,8.66,6.82,50.48,59.93,71.79,7.39,66.48,28.21,74.43,49.1,60.3,9.9,37.2,19.1,10.4,4.2,73.4, ,7.7,34.2,28.6,28.9,,,,,,,,348583,356647,219125
2000,IX,H,21.25,78.73,66.52,91.30,66.52,81.86,73.17,66.80,20.52,94.67,58.26,15.94,29.56,105.13,83.53,26.21,8.94,6.10,47.49,62.97,72.01,9.74,65.00,27.99,71.29,49.3,66.5,9.7,35.7,18.0,10.9,4.1,75.3, ,12.7,32.4,27.7,28.0,17.6,5.3,11.2,26.2,34.4,52.6,7.8,407966,416503,260534
2003,IX,H,16.84,79.56,68.78,95.49,68.78,84.25,73.01,64.96,27.44,94.34,62.33,28.20,34.10,105.73,86.79,20.86,9.21,6.83,42.26,69.34,67.63,9.95,60.90,32.37,69.35,50.0,64.2,6.9,33.0,20.4,11.4,4.0,79.5, ,11.2,29.4,25.8,26.4,31.1,7.8,17.0,31.2,41.6,69.3,3.4,411935,423345,237587
2006,IX,H,12.47,71.36,73.33,96.61,73.33,87.70,72.87,66.17,31.41,93.76,71.99,17.17,35.35,105.48,85.35,28.73,9.27,6.12,37.22,65.22,69.99,5.97,65.82,30.01,78.68,55.4,64.5,7.0,31.2,19.3,12.8,3.8,83.4, ,10.1,19.1,15.6,15.9,48.7,11.8,25.7,28.2,39.9,83.6,7.7,463418,476618,247522
2009,IX,H,12.34,75.31,77.37,98.43,77.37,89.39,74.19,68.74,39.76,94.29,68.00,23.08,26.93,106.11,78.38,19.51,9.24,5.90,35.79,69.49,65.10,12.00,57.29,34.90,78.51,46.4,63.7,6.4,30.6,18.7,14.4,3.7,85.5, ,13.5,26.4,20.7,20.9,59.5,17.1,30.3,31.5,36.1,88.7,9.5,493019,525695,340198
1990,RM,H,23.96,67.85,82.76,99.15,92.17,84.97,62.04,71.18,20.57,90.96,64.39,17.46,30.80,102.54,68.15,12.85,10.17,2.33,35.08,56.97,74.30,7.18,68.96,25.70,87.00,,74.8,10.9,34.7,23.5,8.8,4.2,58.1, ,5.2,32.8,29.5,29.1,,,,,,,,193630,194912,108021
1992,RM,H,21.04,66.17,87.42,99.09,89.05,90.22,65.21,72.68,21.70,90.04,62.62,16.54,27.00,101.36,80.56,29.20,10.06,2.62,33.99,57.37,77.38,4.10,74.20,22.62,88.22,66.1,74.9,10.7,34.5,23.3,8.9,4.1,52.1, ,6.9,25.6,22.5,22.4,,,,,,,,320719,322537,177142
1994,RM,H,20.71,75.74,87.66,99.79,89.06,90.99,63.86,71.13,25.11,91.00,59.87,24.04,28.92,106.01,67.78,17.23,10.17,2.20,33.34,59.65,76.52,5.24,72.50,23.48,83.25,76.1,73.7,9.9,33.7,23.0,8.5,4.1,52.0, ,6.7,19.4,16.7,16.7,,,,,,,,432668,403885,249036
1996,RM,H,18.27,82.62,91.48,99.56,91.48,94.48,66.60,72.75,25.15,92.01,64.01,28.18,20.91,106.40,79.97,14.93,10.62,2.07,31.77,62.59,77.16,4.19,73.93,22.84,83.05,71.0,75.9,10.0,34.7,21.0,8.3,4.2,45.0, ,8.7,14.5,12.1,12.1,,,,2.2,,,3.5,565687,568517,310292
1998,RM,H,17.31,82.08,91.12,99.85,91.12,93.84,68.92,71.19,25.15,91.28,64.90,24.28,26.27,101.47,73.76,11.48,10.71,2.22,35.09,64.13,76.70,9.05,69.75,23.30,81.64,69.2,74.5,9.4,34.8,20.5,8.5,4.0,49.6, ,8.0,15.2,12.0,12.1,,,,,,,,658182,661171,373966
2000,RM,H,15.43,84.11,93.77,99.89,93.77,96.06,68.86,71.74,27.32,91.77,65.98,26.87,58.43,101.91,79.99,26.34,10.96,1.97,33.17,66.54,75.20,9.61,67.98,24.80,81.81,68.2,74.8,8.8,34.6,20.2,8.4,4.0,53.6, ,11.0,15.1,11.6,12.0,25.3,13.5,25.8,2.9,45.1,59.4,3.9,713245,716640,402773
2003,RM,H,12.97,85.48,95.00,99.87,95.00,97.23,68.49,70.35,29.66,92.56,71.27,31.20,33.28,103.16,82.57,35.20,11.27,1.93,27.45,67.56,75.58,8.17,69.41,24.42,81.57,68.0,75.6,8.1,32.0,20.7,9.3,4.0,61.2, ,8.3,12.8,10.1,10.4,41.0,20.3,36.0,3.1,53.3,68.3,3.2,803835,807503,469087
2006,RM,H,11.48,84.25,96.68,99.91,96.68,98.26,67.15,67.19,37.98,91.45,68.22,30.14,40.07,93.85,109.77,28.27,11.07,2.04,12.39,69.29,75.40,6.01,70.86,24.60,82.80,69.8,76.3,7.2,30.7,20.3,10.7,3.9,66.0, ,7.4,10.1,7.6,7.8,56.1,30.9,47.6,4.2,51.3,87.4,6.0,889335,893544,440804
2009,RM,H,8.55,86.52,98.25,99.92,98.25,99.19,65.67,64.44,37.81,92.67,68.40,30.87,28.79,104.56,76.30,43.32,11.45,1.59,12.45,67.83,73.49,9.38,66.60,26.51,84.67,67.6,75.9,6.9,27.8,21.5,13.4,3.8,68.9, ,9.7,11.2,7.8,8.2,65.6,43.4,56.8,4.1,55.7,93.2,5.7,1168935,1181483,620508
1990,V,H,25.68,67.93,72.78,98.08,78.75,78.04,61.83,69.24,14.08,88.29,67.17,22.35,37.83,103.83,77.16,17.38,9.55,3.30,22.87,57.54,67.90,9.41,61.51,32.10,84.22,,72.2,10.9,36.2,22.0,10.9,4.1,65.8, ,8.3,41.9,35.6,35.8,,,,,,,,138375,139797,82173
1992,V,H,20.19,57.59,78.47,97.78,79.78,85.86,58.72,72.81,17.32,91.56,64.49,20.45,42.57,102.71,78.06,21.03,9.66,2.98,22.18,59.99,74.28,4.29,71.09,25.72,87.23,65.2,75.1,10.2,35.5,20.2,9.2,4.0,67.1, ,3.8,35.3,30.6,30.3,,,,,,,,224272,226118,135610
1994,V,H,18.27,69.01,86.06,98.92,86.98,89.96,64.55,68.88,25.75,91.78,64.13,25.92,36.30,103.82,95.60,29.24,9.85,2.49,38.18,62.13,72.69,6.17,68.20,27.31,76.88,75.7,75.5,10.5,35.5,20.5,11.3,4.0,67.1, ,7.4,26.6,21.7,21.6,,,,,,,,284441,286471,162928
1996,V,H,17.73,76.01,85.64,99.53,85.64,91.84,65.49,68.79,25.64,91.43,60.46,20.90,24.77,101.51,90.13,20.11,10.12,2.94,23.33,64.64,70.45,5.90,66.29,29.55,77.68,67.8,76.0,8.2,33.3,20.2,12.0,4.0,63.3, ,10.0,21.5,19.3,18.9,,,,1.6,,,3.5,354136,357739,200185
1998,V,H,15.48,76.97,87.13,99.18,87.13,91.46,67.86,69.43,27.96,92.13,69.18,22.70,29.52,103.48,72.96,16.87,10.20,3.21,25.34,65.40,74.14,9.12,67.38,25.86,73.91,65.2,75.1,8.7,34.0,20.2,10.4,4.0,60.9, ,10.5,18.6,16.1,15.6,,,,,,,,461599,465668,258020
2000,V,H,13.49,80.53,89.90,99.29,89.90,93.64,66.02,69.97,29.72,89.69,63.69,23.64,30.18,106.61,80.54,29.01,10.38,2.54,26.45,66.32,71.93,10.48,64.40,28.07,74.81,64.3,74.5,8.8,32.1,18.6,12.7,3.8,65.3, ,8.5,18.2,14.2,14.2,22.8,9.2,19.2,0.6,43.4,60.8,5.1,465422,469825,262228
2003,V,H,12.26,74.31,92.56,99.54,92.56,95.82,69.16,65.01,29.40,92.58,70.92,25.21,22.82,109.75,73.01,23.90,10.46,2.67,21.20,68.48,70.57,9.64,63.77,29.43,75.59,65.1,74.3,7.5,32.4,18.9,12.1,3.9,71.5, ,6.7,19.6,15.5,15.5,37.5,11.4,27.0,1.0,49.8,67.9,5.5,437373,442453,262873
2006,V,H,11.23,75.19,94.40,99.85,94.40,96.85,68.25,64.77,38.83,92.02,70.23,29.24,25.92,105.05,77.58,17.60,10.55,2.83,19.81,68.90,72.08,6.13,67.67,27.92,80.06,68.6,77.4,7.4,31.1,20.0,12.2,3.8,77.8, ,8.2,14.7,10.7,10.9,54.5,19.7,36.6,2.2,46.0,86.5,6.3,557383,563455,288499
2009,V,H,8.76,78.51,95.83,99.78,95.83,97.79,66.47,64.29,37.93,92.35,70.79,34.05,37.88,101.61,88.08,4.10,10.82,2.65,16.62,69.27,68.79,9.49,62.26,31.21,83.32,68.2,77.4,6.8,28.7,21.3,14.4,3.7,78.9, ,13.0,13.8,10.4,11.1,64.8,32.7,47.8,3.2,49.6,90.9,6.9,723125,741208,377372
1990,VI,H,27.36,48.11,53.30,89.91,58.53,60.56,53.84,72.64,11.90,93.18,50.60,4.86,36.99,101.10,83.32,24.03,8.05,8.17,37.44,52.10,75.18,6.60,70.22,24.82,78.77,,77.3,11.4,38.4,20.6,8.9,4.2,71.3, ,5.8,39.6,35.2,35.0,,,,,,,,124835,126136,71815
1992,VI,H,23.50,47.25,62.81,94.31,63.72,71.95,59.12,69.98,13.81,90.52,48.39,7.48,34.10,102.87,87.71,34.75,8.42,7.58,40.75,52.33,76.03,3.36,73.47,23.97,87.32,66.0,78.7,10.2,35.4,22.8,9.1,4.2,68.9, ,5.5,29.5,26.9,26.2,,,,,,,,219069,221122,119608
1994,VI,H,21.04,55.57,61.62,95.15,62.40,71.40,64.52,71.61,15.02,90.78,52.25,9.23,39.08,103.83,99.07,28.04,8.42,6.21,64.60,52.98,78.06,7.58,72.15,21.94,68.69,80.4,79.1,10.1,33.7,21.2,10.5,4.0,66.9, ,4.8,31.8,28.0,27.5,,,,,,,,236731,238922,138454
1996,VI,H,17.72,51.31,62.64,96.33,62.64,70.97,66.84,69.72,19.30,92.73,57.49,15.07,43.84,96.56,102.71,35.76,8.32,8.08,40.82,59.02,71.69,5.16,67.99,28.31,71.84,66.2,76.9,8.6,33.8,20.5,10.8,4.1,68.1, ,12.3,26.2,23.0,22.3,,,,1.3,,,5.0,306424,310385,163124
1998,VI,H,18.94,55.18,69.79,97.67,69.79,77.72,66.65,69.75,17.73,92.78,64.98,15.07,38.43,103.03,93.40,23.22,8.55,8.54,41.74,58.02,74.40,7.27,68.99,25.60,71.53,64.9,77.8,9.7,34.3,20.5,10.1,4.1,63.9, ,12.6,22.8,19.3,18.9,,,,,,,,370527,375440,209032
2000,VI,H,17.83,55.27,73.40,98.19,73.40,83.96,69.72,68.89,24.31,91.35,60.83,17.30,42.47,103.74,89.37,30.82,8.81,6.82,40.45,62.24,73.94,6.36,69.23,26.06,73.18,63.5,76.6,8.0,33.1,18.9,11.1,4.0,70.3, ,13.4,20.9,17.6,17.3,17.0,4.5,10.9,0.5,33.5,54.4,5.6,389214,395283,206557
2003,VI,H,15.04,57.67,77.35,98.89,77.35,88.30,69.85,69.78,28.80,93.57,68.68,19.38,38.10,103.81,100.25,32.34,9.17,6.55,35.46,65.57,73.45,6.55,68.64,26.55,79.20,70.5,79.0,7.5,31.5,19.2,11.1,3.8,74.4, ,11.1,18.7,14.4,14.2,36.4,6.4,17.9,0.9,42.1,63.6,2.9,393691,400434,230998
2006,VI,H,10.13,62.16,85.42,99.49,85.42,93.04,68.23,64.71,33.63,91.27,67.39,21.24,33.75,105.63,81.41,21.49,9.25,6.86,37.46,65.48,72.14,4.23,69.09,27.86,82.17,73.7,82.5,6.3,28.5,19.8,13.0,3.8,78.1, ,10.9,10.7,8.4,7.9,53.0,13.7,27.9,1.4,37.9,83.1,5.4,507504,515468,265065
2009,VI,H,8.63,67.63,88.34,99.69,88.34,95.24,69.23,64.64,32.83,94.84,60.87,25.31,33.47,107.53,85.43,24.16,9.41,6.81,33.54,63.64,70.65,5.95,66.44,29.35,82.94,71.3,81.0,6.8,26.3,19.7,15.9,3.6,80.4, ,14.2,12.1,10.1,10.7,66.7,19.9,35.1,1.7,37.2,88.5,9.2,607005,626582,354745
1990,VII,H,31.48,38.14,46.42,81.57,53.68,51.19,52.99,69.75,10.30,87.44,49.27,6.20,33.95,107.05,86.64,32.65,7.30,12.79,73.78,49.38,74.89,6.57,69.97,25.11,56.29,,64.5,10.2,37.1,21.8,10.4,4.1,80.3, ,4.9,41.9,37.5,36.7,,,,,,,,140708,142434,73373
1992,VII,H,30.39,37.79,55.79,88.86,56.84,58.73,60.80,73.22,10.75,86.65,34.62,6.36,25.11,109.95,85.00,24.48,7.57,9.89,73.27,48.76,79.30,4.66,75.61,20.70,67.21,49.1,70.0,10.5,36.8,20.0,10.0,4.2,74.8, ,4.2,39.9,34.4,34.1,,,,,,,,197666,199677,102894
1994,VII,H,24.52,40.64,61.75,93.47,62.83,68.90,62.80,69.85,18.35,90.84,41.80,10.57,30.80,109.46,68.96,16.53,7.76,9.82,68.29,53.84,77.70,5.21,73.65,22.30,62.04,67.2,72.8,9.6,35.1,19.9,11.0,4.1,74.8, ,9.1,38.2,34.7,33.9,,,,,,,,214695,217243,120856
1996,VII,H,22.98,49.91,62.76,94.54,62.76,70.32,65.45,69.74,20.91,89.83,51.96,10.06,42.63,101.68,90.80,19.86,7.94,9.70,63.93,56.81,76.75,4.13,73.58,23.25,59.21,51.9,74.2,9.3,35.5,19.6,10.1,4.2,70.1, ,13.3,31.7,28.5,28.2,,,,0.3,,,6.8,289312,294424,152098
1998,VII,H,23.10,49.08,65.20,95.81,65.20,71.95,69.82,70.01,23.28,92.06,54.67,11.32,50.92,95.26,96.99,32.45,7.99,10.77,65.93,59.65,77.93,8.18,71.56,22.07,62.41,53.8,72.7,8.6,35.6,18.5,10.1,4.0,72.3, ,15.7,29.3,26.4,25.5,,,,,,,,318124,324230,175297
2000,VII,H,20.86,51.13,72.97,97.25,72.97,80.11,66.85,69.96,27.19,93.82,57.91,18.21,36.87,103.49,88.77,39.31,8.56,8.45,62.96,63.81,74.14,7.14,68.85,25.86,67.11,55.0,72.4,8.5,33.9,19.6,10.1,4.0,74.0, ,13.2,25.1,22.0,21.6,19.7,3.9,8.4,0.8,30.5,58.5,7.5,437904,443878,263254
2003,VII,H,17.97,54.34,75.14,99.05,75.14,83.94,71.98,66.73,27.38,95.17,65.91,20.72,34.87,106.97,85.67,42.46,8.68,7.61,61.39,65.41,74.26,6.61,69.35,25.74,69.55,55.4,70.9,7.5,32.2,19.1,11.6,4.0,81.3, ,12.2,22.0,19.5,19.2,35.0,4.3,12.5,1.2,38.1,60.6,3.6,390492,398563,208424
2006,VII,H,12.57,57.58,81.79,99.15,81.79,90.06,70.61,68.95,37.20,93.96,68.04,20.69,25.77,113.67,95.47,40.89,8.85,8.08,55.75,66.71,71.70,5.10,68.04,28.30,75.04,63.2,76.4,7.6,30.7,18.8,12.8,3.8,86.4, ,9.0,16.9,14.2,14.2,52.4,8.9,22.2,1.4,35.2,84.7,8.0,445451,455171,232752
2009,VII,H,9.83,65.29,88.07,99.55,88.07,94.39,70.94,69.82,39.41,92.61,69.19,19.38,41.80,105.83,85.51,32.99,8.97,8.18,52.48,64.40,69.96,7.56,64.67,30.04,75.08,59.8,78.3,6.5,27.8,18.3,14.2,3.5,87.0, ,12.6,19.2,14.8,15.0,65.2,14.8,32.3,1.6,32.2,87.1,7.8,542032,566492,320757
1990,VIII,H,30.97,63.68,52.71,90.15,58.44,64.94,61.68,68.46,12.64,92.20,55.96,9.31,45.43,107.73,89.48,30.10,8.33,8.68,69.49,51.14,72.14,9.57,65.24,27.86,75.46,,71.5,10.4,35.4,24.0,9.5,4.4,70.7, ,3.3,46.3,41.8,40.9,,,,,,,,139271,140717,79277
1992,VIII,H,30.63,55.25,56.96,88.78,58.13,68.80,63.63,67.44,16.25,89.80,51.82,9.91,39.10,105.53,93.57,40.18,8.43,7.27,65.04,54.53,71.32,7.47,65.99,28.68,79.60,58.3,71.1,10.7,37.5,21.5,9.1,4.3,70.5, ,7.4,45.0,39.8,40.1,,,,,,,,175714,178564,100998
1994,VIII,H,23.90,72.54,64.80,93.28,65.67,74.98,64.23,67.22,16.06,92.29,55.09,16.96,37.63,107.36,91.37,28.42,8.77,6.39,59.74,56.65,71.88,6.77,67.01,28.12,77.45,75.1,73.5,10.0,34.6,21.9,9.2,4.2,70.0, ,5.8,38.9,34.2,33.7,,,,,,,,235304,238370,131215
1996,VIII,H,22.93,72.07,67.18,92.13,67.18,77.25,67.81,72.28,19.12,91.10,58.60,21.64,33.68,108.85,86.30,25.75,9.12,6.46,56.97,61.00,71.05,6.39,66.51,28.95,74.71,64.2,74.2,9.2,35.9,20.1,8.8,4.1,66.3, ,7.7,34.2,30.5,30.1,,,,3.3,,,5.8,335059,339913,191922
1998,VIII,H,21.10,80.05,73.54,95.87,73.54,82.92,71.18,71.72,22.40,91.61,55.29,19.55,33.79,108.57,92.58,33.07,9.28,6.49,59.49,62.99,69.45,13.27,60.24,30.55,75.38,63.6,76.0,8.2,34.5,20.7,9.2,4.2,73.5, ,9.8,32.2,28.2,28.7,,,,,,,,401937,408215,244340
2000,VIII,H,19.20,75.77,74.96,97.18,74.96,85.93,71.56,69.96,26.94,93.91,64.58,25.07,34.93,108.15,99.01,37.19,9.50,5.81,55.84,67.28,67.86,10.96,60.42,32.14,72.62,62.9,74.4,8.2,35.0,19.8,9.5,4.0,74.3, ,14.8,26.7,23.3,23.3,18.9,6.4,17.2,3.2,38.4,50.9,5.8,467305,474289,320188
2003,VIII,H,16.98,71.34,80.01,98.44,80.01,89.57,70.73,69.50,27.58,94.39,68.11,21.73,37.85,108.01,86.94,28.71,9.64,6.06,54.00,66.10,69.05,9.62,62.41,30.95,75.22,61.2,75.0,7.8,32.2,18.8,10.9,4.0,79.1, ,11.4,27.5,23.5,23.3,35.4,8.5,18.8,2.4,40.1,62.6,4.3,423013,430924,254792
2006,VIII,H,13.10,76.21,85.80,99.32,85.80,93.47,72.19,66.00,33.38,94.23,70.81,29.49,60.85,107.23,72.78,30.12,9.89,5.58,48.74,68.88,66.56,8.16,61.13,33.44,79.99,66.6,77.7,7.1,30.3,20.1,12.5,3.9,83.4, ,11.6,19.8,15.8,15.8,51.6,16.1,30.7,4.0,42.1,84.8,7.0,498225,508677,277710
2009,VIII,H,9.78,79.50,89.84,99.56,89.84,95.63,70.37,65.97,35.47,93.01,69.91,29.57,52.91,101.35,98.81,49.91,9.98,4.98,44.22,69.76,65.81,11.14,58.48,34.19,81.08,65.5,78.9,6.7,29.2,19.6,14.0,3.7,85.4, ,10.2,20.5,16.2,16.1,63.3,25.9,41.4,3.8,43.5,88.2,9.2,571576,596684,334032
1990,X,H,25.99,71.09,46.18,80.45,48.49,62.02,52.79,67.75,9.74,89.08,44.17,8.21,37.74,103.93,96.65,46.09,8.01,5.66,70.56,48.36,78.64,7.67,72.61,21.36,85.00,,69.8,11.1,37.4,21.3,9.0,4.3,75.5, ,3.6,38.7,34.3,33.9,,,,,,,,154826,156397,79563
1992,X,H,23.79,74.46,56.33,84.49,57.05,70.27,62.80,67.71,12.87,89.53,47.67,7.23,46.13,105.47,105.33,31.32,8.14,5.73,65.31,49.40,75.91,4.12,72.78,24.09,76.87,54.2,65.8,10.6,36.2,21.9,10.5,4.2,57.2, ,2.9,33.6,29.1,28.9,,,,,,,,205990,208187,105370
1994,X,H,18.97,78.06,59.58,82.27,59.94,70.95,63.69,67.96,13.02,88.30,44.13,10.66,43.81,105.89,99.28,50.68,7.82,6.24,65.12,48.54,75.96,6.49,71.03,24.04,70.30,66.3,71.0,10.1,33.1,20.8,11.9,3.9,71.1, ,4.8,32.0,27.5,28.1,,,,,,,,238667,241650,132596
1996,X,H,23.60,79.97,57.64,88.83,57.64,76.72,69.36,66.54,16.45,91.97,53.73,10.20,41.37,110.04,87.99,28.34,8.12,6.75,66.40,56.72,72.91,5.03,69.25,27.09,74.01,53.0,68.2,9.3,35.9,19.7,10.0,4.2,70.4, ,8.9,31.5,27.8,28.3,,,,11.2,,,5.2,297299,302839,163806
1998,X,H,21.03,83.53,65.00,91.37,65.00,82.40,65.34,68.77,20.86,92.91,54.15,13.71,54.70,102.90,95.49,27.46,8.70,5.23,62.59,58.13,75.14,8.22,68.96,24.86,70.04,54.4,69.0,9.8,35.7,19.4,9.1,4.1,60.1, ,9.3,29.0,23.7,24.0,,,,,,,,342630,348969,196405
2000,X,H,16.81,88.45,69.88,92.21,69.88,87.13,66.17,69.72,19.80,92.22,48.04,10.92,47.06,104.14,94.94,41.27,8.53,5.56,52.58,63.27,75.27,10.63,67.27,24.73,77.04,58.0,69.0,7.9,35.5,18.4,10.5,4.0,69.0, ,11.1,24.8,20.9,21.4,16.8,5.1,10.6,8.7,29.6,47.5,4.2,351598,359373,201307
2003,X,H,13.48,86.91,72.91,95.86,72.91,89.54,72.11,69.72,30.22,93.77,63.76,19.25,43.49,105.83,91.35,30.06,9.09,4.67,48.20,66.12,71.69,7.18,66.55,28.31,78.38,57.8,64.4,7.9,34.0,18.1,10.6,3.9,75.7, ,10.7,21.0,17.9,17.8,37.3,7.8,18.2,14.9,41.8,61.2,4.7,443719,453074,265938
2006,X,H,10.83,86.94,79.72,98.21,79.72,91.95,72.89,66.81,31.58,92.63,67.29,19.81,44.74,106.87,89.44,26.12,9.21,4.46,40.74,66.73,73.23,4.16,70.18,26.77,81.03,59.7,66.5,6.4,30.8,19.7,11.8,3.7,81.5, ,9.2,11.3,7.2,7.7,54.1,10.4,26.4,20.1,40.9,82.2,5.5,569383,582060,266887
2009,X,H,10.36,88.76,85.18,98.85,85.18,95.16,69.88,64.91,33.83,92.95,66.61,18.17,41.75,107.64,99.20,38.32,9.20,4.53,38.43,65.56,70.16,8.73,64.04,29.84,77.64,53.6,68.2,6.9,29.9,18.6,13.3,3.6,83.4, ,19.3,13.8,9.0,9.2,62.9,20.3,34.2,20.5,40.9,85.1,7.7,618234,650151,321294
1990,XI,H,28.95,81.85,56.45,83.46,63.11,71.44,57.49,68.18,12.13,92.29,55.29,1.94,38.20,106.32,97.91,24.48,8.03,6.38,76.10,55.04,80.33,8.05,73.86,19.67,91.31,,69.6,11.9,41.9,17.5,6.6,3.9,70.2, ,7.0,30.9,25.0,24.0,,,,,,,,148825,150245,90284
1992,XI,H,21.96,78.84,54.92,76.52,55.30,67.50,58.00,68.93,11.93,87.12,45.21,4.10,42.42,103.82,92.71,29.20,7.77,5.28,66.34,51.74,82.39,5.56,77.81,17.61,85.22,61.6,71.6,11.9,36.5,21.1,8.2,3.7,53.9, ,5.1,28.8,22.8,22.4,,,,,,,,203870,206201,131266
1994,XI,H,25.14,77.42,68.09,89.83,68.40,81.26,63.29,68.22,14.41,87.54,61.53,0.82,58.84,110.21,95.29,28.00,8.14,5.82,69.79,52.70,81.79,6.35,76.60,18.21,78.18,76.4,68.4,13.0,39.3,19.6,7.5,3.9,50.1, ,8.0,29.1,24.5,23.8,,,,,,,,254842,257515,151269
1996,XI,H,22.74,88.99,73.88,89.22,73.88,87.42,61.58,69.34,22.11,91.08,48.72,9.53,56.19,107.84,95.28,51.84,8.25,4.40,70.14,55.46,81.64,3.56,78.73,18.36,83.28,62.6,70.2,10.6,36.2,20.0,7.8,4.0,55.1, ,8.1,21.8,17.9,17.6,,,,7.2,,,7.4,371402,375616,186651
1998,XI,H,20.77,90.97,75.59,93.07,75.59,87.19,66.02,68.53,27.74,90.94,65.16,4.10,47.59,106.20,90.03,43.85,8.36,7.47,57.78,64.61,78.77,3.22,76.23,21.23,78.16,59.9,69.3,8.9,38.4,15.9,8.5,3.9,59.7, ,11.9,14.2,12.5,12.0,,,,,,,,562480,569083,349915
2000,XI,H,16.16,91.03,77.54,88.93,77.54,90.63,66.24,68.99,35.51,90.90,69.06,15.94,43.88,112.32,80.87,35.94,8.92,3.89,62.04,67.82,79.94,4.02,76.73,20.06,82.49,68.6,71.8,8.2,35.6,17.5,9.6,3.8,59.3, ,17.5,13.5,11.4,11.3,14.0,4.8,15.3,8.0,42.8,46.3,10.1,507164,514536,303119
2003,XI,H,15.18,84.54,86.71,95.65,86.71,93.44,66.61,68.44,45.01,90.54,50.36,19.10,57.81,99.81,91.60,48.45,9.07,5.18,51.77,69.17,77.03,6.73,71.84,22.97,85.83,62.7,65.2,6.5,33.0,17.5,11.0,3.7,64.1, ,18.9,14.7,10.5,10.5,26.7,8.9,24.0,13.4,46.2,54.4,4.7,580028,591674,344701
2006,XI,H,12.57,85.36,91.48,96.71,91.48,95.31,68.55,69.19,53.05,94.22,66.26,21.23,46.50,109.76,88.46,37.41,9.48,3.98,46.03,71.49,76.47,2.50,74.55,23.53,85.48,66.5,67.2,7.1,31.0,21.3,10.2,3.6,73.9, ,13.3,8.5,6.3,6.2,55.1,9.8,29.1,12.8,43.6,84.8,8.5,612033,621297,322261
2009,XI,H,11.51,78.23,93.63,98.65,93.63,96.35,73.44,70.87,53.94,94.48,65.09,19.67,37.91,107.24,85.28,32.74,9.45,3.72,38.26,71.19,76.45,5.98,71.88,23.55,84.03,52.7,64.6,8.1,31.2,17.6,12.0,3.5,76.5, ,14.1,14.8,11.3,11.1,65.7,26.7,43.4,21.9,46.5,87.3,9.5,854119,873680,449469
1990,XII,H,15.18,94.74,88.37,96.68,90.01,94.04,67.44,70.30,17.15,90.62,59.88,7.55,38.05,105.00,101.62,27.87,9.05,2.92,5.36,58.55,75.49,8.46,69.10,24.51,90.69,,71.7,10.2,35.1,17.6,10.3,3.8,61.2, ,9.8,27.5,22.7,23.1,,,,,,,,170699,172579,94668
1992,XII,H,17.15,75.01,89.86,97.86,91.56,94.54,61.25,72.40,14.32,93.14,70.15,14.27,49.62,103.36,92.45,33.09,9.19,2.52,2.13,62.41,74.88,3.37,72.35,25.12,95.16,74.6,74.4,7.8,34.1,18.0,9.3,3.9,57.2, ,2.6,23.7,19.8,20.0,,,,,,,,271531,272936,154996
1994,XII,H,10.06,95.91,95.91,99.32,96.14,98.31,66.75,73.71,28.39,90.64,75.96,25.49,47.05,104.64,90.26,44.90,9.97,1.39,58.91,65.61,74.11,3.21,71.73,25.89,87.05,79.7,74.8,6.3,29.9,19.8,11.0,3.8,38.8, ,1.8,12.7,11.8,11.1,,,,,,,,328343,329409,192042
1996,XII,H,16.00,97.63,89.77,97.82,89.77,95.19,59.91,72.94,42.31,91.91,56.86,15.31,37.77,114.90,78.91,33.13,9.47,3.64,2.10,71.48,79.41,4.22,76.06,20.59,84.26,75.6,73.9,7.1,35.9,17.1,7.4,3.9,44.5, ,12.8,14.3,11.3,10.9,,,,3.9,,,3.1,470872,474097,265517
1998,XII,H,13.64,97.53,94.80,98.84,94.80,96.87,72.04,75.72,25.87,84.97,57.33,16.64,47.78,104.36,85.57,28.34,9.77,1.98,1.94,58.47,75.29,5.10,71.45,24.71,79.17,76.7,76.4,10.8,32.3,18.6,12.0,3.6,54.4, ,10.2,13.2,10.2,10.4,,,,,,,,595561,598641,319011
2000,XII,H,9.58,95.16,96.16,98.45,96.16,98.52,68.75,71.69,34.87,90.72,79.29,24.93,44.34,108.79,94.65,42.22,10.58,1.07,5.54,68.56,74.24,5.91,69.85,25.76,88.75,78.4,76.6,6.3,32.2,18.4,9.3,3.6,48.8, ,16.9,11.0,7.5,7.1,30.6,15.1,32.7,5.5,52.3,59.3,6.8,852378,855495,443275
2003,XII,H,7.62,92.22,97.91,98.91,97.91,98.49,74.53,68.00,45.03,93.55,81.74,29.96,47.39,108.88,92.30,27.03,10.50,1.50,2.00,70.43,73.17,3.56,70.57,26.83,81.66,73.0,73.8,6.4,27.1,18.0,12.7,3.5,49.3, ,12.9,12.2,7.5,7.8,39.9,15.6,40.1,10.3,53.8,57.4,3.4,615819,618421,379977
2006,XII,H,5.97,82.88,96.82,99.21,96.82,97.88,68.77,66.67,47.97,94.27,70.82,33.32,41.61,108.55,95.67,24.10,10.44,2.69,3.89,70.92,75.13,2.64,73.14,24.87,85.33,71.0,76.1,7.0,25.9,19.3,14.2,3.7,59.1, ,10.3,5.6,5.4,4.9,58.7,18.3,51.8,14.8,53.3,77.3,5.9,789987,793718,361199
2009,XII,H,14.13,86.48,97.36,99.50,97.36,98.18,71.46,65.66,50.50,88.66,74.44,27.70,58.15,118.12,86.07,23.13,10.53,2.17,2.52,74.92,75.64,4.03,72.59,24.36,87.28,63.9,72.6,7.8,30.1,15.6,13.2,3.5,72.2, ,14.3,9.1,7.2,6.9,71.4,38.6,60.0,22.1,56.9,90.0,8.9,893968,905756,520586
2006,XIV,H,11.79,87.60,80.84,98.21,80.84,92.55,65.86,65.90,34.84,92.56,68.24,20.82,60.95,106.65,94.75,44.18,9.14,5.96,47.39,67.60,69.01,6.68,64.40,30.99,79.43,59.2,68.7,6.5,31.5,16.8,13.0,3.7,81.4, ,9.9,17.8,14.5,14.7,47.6,11.9,25.8,15.4,40.8,84.2,7.6,469405,479815,252099
2009,XIV,H,10.53,78.53,84.18,98.17,84.18,95.90,71.21,67.01,32.67,93.11,55.69,22.08,44.70,106.82,90.76,44.28,9.33,4.11,47.08,67.14,65.30,8.74,59.60,34.70,82.32,60.3,69.7,8.2,33.5,17.3,12.9,3.6,83.2, ,11.6,18.8,12.9,14.7,57.1,21.2,35.1,17.8,38.0,89.7,10.2,508648,537839,322557
2006,XV,H,17.85,69.65,88.35,97.73,88.35,92.16,62.07,52.44,42.46,93.07,83.30,33.81,39.43,116.76,73.51,28.30,10.47,1.11,43.09,74.40,67.68,7.92,62.32,32.32,79.61,57.7,66.7,5.2,34.2,16.5,12.1,3.9,76.7, ,7.9,17.8,12.5,13.1,40.3,15.1,33.5,23.2,46.0,91.7,5.3,667440,675059,239829
2009,XV,H,12.04,76.91,90.53,99.51,90.53,92.22,62.20,65.61,38.98,92.58,77.54,33.70,40.52,100.97,106.37,44.73,11.46,0.82,35.50,65.50,70.79,7.96,65.16,29.21,85.88,70.6,75.5,9.6,31.0,21.6,10.4,4.0,73.9, ,15.7,11.0,7.1,7.9,64.8,40.5,55.8,27.1,59.8,90.8,3.4,795509,810090,415280
1990,I,M,13.41,50.93,78.41,97.93,94.87,79.40,62.62,0.74,24.83,90.28,79.97,13.59,31.87,98.77,114.32,15.95,9.73,2.52,37.87,62.37,34.98,8.98,31.84,65.02,89.18,,74.4,10.4,35.8,21.5,8.2,3.2,58.4,46.6,4.5,28.5,32.9,33.3,,,,,,,,94565,95511,82980
1992,I,M,18.16,54.30,92.45,98.82,93.85,94.04,66.70,0.14,23.47,88.53,70.80,14.17,19.56,101.84,91.72,15.15,9.84,1.98,30.18,59.55,34.61,3.95,33.24,65.39,91.04,71.5,77.9,10.7,34.6,21.2,9.0,3.5,53.8,67.7,4.7,26.3,26.7,27.6,,,,,,,,197071,198102,106865
1994,I,M,6.02,48.16,89.91,92.47,91.05,90.25,61.60,4.24,24.03,93.85,66.48,22.84,25.18,102.52,89.78,8.75,10.21,3.25,49.69,62.68,36.74,11.11,32.66,63.26,76.49,77.8,76.7,8.9,30.8,20.9,11.0,2.9,55.1,55.8,8.3,23.2,30.6,26.8,,,,,,,,221071,222894,133299
1996,I,M,15.60,54.79,95.38,99.07,95.38,96.14,67.44,11.04,28.85,93.16,67.86,28.41,20.52,101.28,84.21,11.28,10.30,2.12,25.61,65.11,36.64,6.87,34.12,63.36,86.98,69.8,76.5,9.9,34.9,21.7,7.4,3.7,55.2,66.2,5.9,21.9,28.3,24.1,,,,9.0,,,4.9,274567,277249,165311
1998,I,M,14.61,56.18,91.97,99.51,91.97,94.31,70.44,12.97,24.15,93.89,63.24,23.01,20.68,100.41,84.59,18.94,10.16,2.22,29.26,68.02,39.77,10.83,35.46,60.23,74.01,61.2,72.8,7.3,35.2,19.6,7.8,3.6,50.8,71.4,10.5,16.5,17.1,20.1,,,,,,,,316829,319429,182029
2000,I,M,15.25,57.75,94.26,99.04,94.26,95.79,71.93,7.52,29.14,95.11,69.02,17.80,23.33,101.04,81.36,7.94,10.04,2.75,24.77,62.18,43.81,13.32,37.97,56.19,71.70,54.1,72.9,9.3,31.5,21.8,11.2,3.7,62.3,53.3,16.6,20.9,23.9,21.0,16.2,4.4,9.6,15.2,35.6,57.9,7.3,295019,299433,169955
2003,I,M,14.50,61.86,94.68,98.99,94.68,96.12,77.00,14.26,34.50,96.86,78.02,22.79,18.28,98.28,64.13,7.12,10.67,1.87,20.30,66.33,41.29,15.38,34.94,58.71,69.93,54.1,68.5,9.7,33.8,20.6,10.4,3.7,69.8,48.9,9.3,20.2,22.1,25.1,37.1,8.0,20.5,13.2,47.1,61.6,2.4,341679,345679,222354
2006,I,M,14.80,66.87,97.01,99.38,97.01,97.76,63.20,23.62,46.48,92.17,67.88,14.18,19.78,102.44,79.29,11.03,10.07,1.81,4.24,62.81,38.16,12.15,33.52,61.84,72.92,52.2,66.6,8.4,30.6,19.8,13.0,3.9,66.9,48.0,8.1,12.0,11.6,13.9,50.2,24.5,37.6,13.3,43.4,90.7,12.1,545752,549952,198312
2009,I,M,15.61,77.63,94.74,99.77,94.74,96.75,68.72,12.84,47.86,89.82,70.83,23.58,13.66,99.08,64.09,9.32,10.59,2.81,6.14,68.32,40.17,9.76,36.25,59.83,76.84,38.6,63.2,8.3,31.3,21.8,10.8,3.7,78.7,55.5,6.8,16.0,15.0,19.1,62.9,28.1,37.9,11.5,51.4,94.1,8.9,510608,535711,297749
1990,II,M,20.15,52.64,71.87,98.51,83.10,82.06,61.47,3.14,13.43,89.98,69.71,12.61,15.79,98.06,65.91,9.38,9.61,2.32,12.51,52.19,26.55,8.60,24.27,73.45,84.98,,79.6,12.0,36.2,23.5,7.3,3.7,59.9,40.6,3.9,35.3,29.5,35.3,,,,,,,,112155,113046,71899
1992,II,M,17.29,43.29,82.33,98.56,85.13,85.93,66.37,1.55,18.02,85.69,64.17,8.13,20.00,99.98,73.32,2.21,9.34,2.90,11.85,52.38,30.45,9.94,27.42,69.55,86.00,63.4,79.7,11.2,34.7,24.0,7.3,3.5,60.4,58.9,2.2,33.0,28.5,31.4,,,,,,,,146578,148698,79259
1994,II,M,17.10,54.98,91.19,97.96,91.31,94.76,69.76,6.29,24.72,90.78,68.67,10.37,23.21,102.53,90.89,12.31,9.40,3.54,61.07,58.39,32.81,7.69,30.28,67.19,75.81,63.9,73.1,11.7,36.6,19.7,9.6,3.9,61.5,50.4,10.8,26.7,26.0,28.3,,,,,,,,199871,202017,121603
1996,II,M,23.98,61.04,94.44,99.76,94.44,96.86,68.70,12.81,20.74,94.22,67.96,21.61,26.27,101.50,89.40,16.66,10.02,1.43,10.20,61.12,28.87,8.65,26.37,71.13,71.02,55.0,78.3,9.3,32.6,20.8,9.1,3.7,49.5,64.1,8.1,16.5,23.4,22.6,,,,2.8,,,1.5,262210,265186,171354
1998,II,M,22.14,72.26,91.31,98.80,91.31,91.46,66.12,5.53,30.38,91.61,70.58,19.86,33.51,98.71,101.62,15.05,10.17,1.58,12.33,64.11,33.11,6.96,30.81,66.89,79.28,64.4,80.5,8.8,33.1,20.6,8.5,3.4,52.7,60.6,8.6,13.7,24.0,20.3,,,,,,,,276275,279729,223866
2000,II,M,9.86,80.27,98.88,99.78,98.88,98.94,69.70,20.32,31.83,95.86,65.69,22.18,27.97,100.50,98.57,10.12,10.50,1.24,10.17,63.48,31.07,13.03,27.02,68.93,77.94,67.7,78.3,8.9,31.4,20.2,10.5,3.6,51.9,51.7,12.5,14.0,13.6,15.9,21.4,8.8,16.9,2.5,38.0,57.0,3.6,388020,392049,229958
2003,II,M,11.83,75.70,95.70,99.59,95.70,98.34,69.58,20.56,31.55,94.30,76.06,28.12,28.67,105.64,85.44,12.82,10.57,1.04,7.89,61.18,39.64,11.76,34.98,60.36,78.52,57.7,76.9,9.4,30.8,21.7,9.6,3.9,64.1,46.8,13.0,10.3,8.8,9.4,41.6,14.0,30.2,4.8,54.2,47.3,4.1,491246,497634,238702
2006,II,M,14.13,74.69,99.56,99.81,99.56,99.70,68.71,15.50,34.37,91.44,69.16,28.92,28.61,105.32,75.47,10.89,10.45,1.50,7.92,66.12,44.14,7.00,41.05,55.86,80.36,63.4,76.6,6.9,29.1,22.0,12.2,3.8,71.0,44.4,3.1,7.6,7.5,6.6,59.9,22.9,37.5,7.2,52.1,86.6,7.4,543592,549161,224116
2009,II,M,13.97,70.64,97.51,99.91,97.51,98.05,66.57,11.77,31.45,92.30,72.47,27.64,30.05,103.50,96.28,19.10,10.49,1.92,9.29,64.15,38.60,9.26,35.03,61.40,78.44,59.9,80.9,8.8,28.9,18.8,14.2,3.9,73.6,56.1,15.0,8.2,15.1,12.7,70.3,33.9,48.1,5.4,53.9,92.1,7.6,576355,600361,285377
1990,III,M,18.79,33.66,67.58,97.79,80.07,76.20,69.40,0.00,16.87,91.21,64.21,8.09,21.68,101.86,79.95,11.76,8.61,4.90,63.69,58.50,26.60,5.79,25.06,73.40,86.57,,78.7,11.1,37.7,21.2,9.6,3.7,75.9,43.5,3.5,35.4,31.1,35.4,,,,,,,,92833,93812,54006
1992,III,M,11.74,29.93,84.24,98.96,85.51,88.69,70.36,0.38,19.26,88.11,58.88,9.35,20.66,100.25,61.41,7.90,8.99,3.89,63.01,57.21,26.81,3.89,25.76,73.19,85.38,65.5,79.2,9.3,32.3,21.5,10.9,3.1,63.4,66.2,5.1,30.7,29.2,32.0,,,,,,,,127386,128492,96039
1994,III,M,14.72,47.95,86.36,97.47,86.43,89.62,68.37,4.03,20.62,88.09,58.52,6.17,22.92,106.66,74.07,10.38,9.01,3.92,57.96,56.25,29.74,6.36,27.85,70.26,74.30,67.1,71.8,9.9,34.9,20.8,9.7,3.2,64.8,48.5,5.2,32.8,31.6,34.1,,,,,,,,171733,174490,99293
1996,III,M,18.41,52.80,92.17,98.37,92.17,92.59,76.34,5.62,18.51,95.54,54.25,17.53,23.32,102.59,71.29,13.62,9.44,4.40,58.54,60.69,30.72,5.82,28.93,69.28,75.21,63.8,81.0,11.4,37.4,17.4,8.0,3.1,61.6,59.6,6.2,27.9,31.9,31.0,,,,2.3,,,4.0,172629,177139,148686
1998,III,M,24.62,69.87,90.46,97.77,90.46,91.79,83.41,12.23,26.24,92.98,61.43,13.34,22.26,101.52,70.46,9.88,9.40,3.86,64.13,63.04,34.09,13.66,29.43,65.91,72.35,65.4,81.2,9.6,36.6,19.3,9.8,3.4,69.8,61.4,12.9,30.3,30.3,34.1,,,,,,,,216036,220612,157773
2000,III,M,16.76,53.91,94.62,99.64,94.62,95.58,76.51,11.13,36.84,91.34,57.32,7.44,21.05,102.00,90.26,3.91,9.53,2.96,60.34,70.58,37.86,13.51,32.75,62.14,70.93,62.7,83.6,8.1,36.8,16.5,10.6,3.5,76.0,54.9,15.4,24.5,26.9,28.1,15.0,2.4,5.6,0.6,32.3,53.9,3.7,267196,273065,163522
2003,III,M,12.81,48.17,95.51,97.32,95.51,96.66,80.25,14.54,31.23,95.74,80.10,19.96,33.62,99.94,96.93,13.38,9.41,3.77,57.01,68.88,40.07,15.21,33.98,59.93,70.72,55.3,78.6,6.8,31.2,19.9,11.7,3.4,77.7,53.5,11.8,24.6,26.7,25.8,32.7,3.1,10.6,1.9,44.2,61.4,4.7,269494,277695,173774
2006,III,M,9.54,53.31,93.75,99.89,93.75,95.79,75.82,12.12,38.93,91.74,78.37,25.51,32.80,102.13,95.41,17.53,10.19,2.02,54.99,69.80,43.23,10.70,38.60,56.77,72.85,60.1,79.5,7.9,32.4,20.1,10.7,3.5,78.9,50.0,9.8,11.3,15.1,14.4,59.9,16.2,27.0,4.3,45.7,85.6,4.3,550176,559796,226762
2009,III,M,10.42,57.33,97.41,99.46,97.41,98.14,69.07,15.83,36.19,85.38,77.68,25.29,29.78,104.65,98.69,27.28,10.17,2.31,55.46,65.59,40.78,12.74,35.58,59.22,79.79,51.6,76.5,8.1,31.1,20.1,10.6,3.4,82.1,53.7,11.3,19.6,22.8,25.2,67.9,24.4,43.9,8.1,46.8,87.2,7.0,410686,428499,252662
1990,IV,M,17.95,33.19,54.02,85.51,58.48,65.64,66.25,1.19,14.89,90.60,62.78,10.86,32.29,102.83,85.60,11.41,8.45,7.65,44.52,52.81,27.24,8.69,24.87,72.76,77.33,,75.8,9.8,33.6,22.8,11.1,3.4,79.0,38.9,3.9,46.4,43.1,46.2,,,,,,,,76085,77265,48337
1992,IV,M,18.92,27.69,64.33,92.66,65.01,70.46,76.70,1.77,18.61,90.58,57.30,7.93,31.46,105.91,85.11,7.34,8.64,6.11,40.34,53.80,29.98,9.44,27.15,70.02,85.16,53.0,74.9,9.3,32.5,22.3,12.0,3.3,70.5,61.5,9.9,39.9,32.5,35.4,,,,,,,,140462,141899,72775
1994,IV,M,16.40,38.80,73.68,94.81,74.40,77.41,74.71,5.74,25.36,92.15,58.67,15.45,31.69,103.62,85.62,18.09,8.66,5.96,61.25,58.22,34.96,11.77,30.85,65.04,68.51,64.9,78.4,9.1,31.9,20.7,11.9,3.4,80.4,49.0,9.4,32.5,26.6,30.2,,,,,,,,164712,167354,79938
1996,IV,M,19.87,45.82,74.62,94.82,74.62,79.12,76.32,2.61,31.96,89.16,67.51,14.78,30.81,104.35,84.61,27.27,8.60,7.88,45.90,64.81,33.60,7.79,30.99,66.40,72.56,60.9,78.9,8.1,34.4,19.5,12.5,3.5,77.2,59.1,13.5,31.7,27.2,32.6,,,,0.4,,,3.5,191289,196016,125965
1998,IV,M,15.07,53.57,78.16,95.99,78.16,81.14,80.73,5.01,23.20,93.15,57.91,14.78,28.37,101.05,81.71,11.45,9.12,6.10,41.86,59.12,37.27,14.41,31.90,62.73,65.59,54.8,77.3,10.2,35.0,19.5,11.1,3.4,76.4,67.1,12.3,25.4,22.6,27.3,,,,,,,,239563,245123,159742
2000,IV,M,12.52,59.53,82.78,94.09,82.78,85.55,80.01,6.78,28.63,93.35,73.70,23.21,27.00,99.57,74.55,13.27,9.27,5.45,38.23,64.54,34.10,11.62,30.14,65.90,69.39,57.5,77.6,7.6,30.9,19.2,13.5,3.4,77.8,52.2,14.7,25.5,21.3,23.1,14.4,1.9,6.8,1.0,32.7,45.0,6.8,237866,244960,188145
2003,IV,M,12.87,57.41,84.03,98.16,84.03,86.94,77.72,10.23,27.09,93.57,79.43,23.52,28.35,103.97,80.12,20.54,9.68,4.49,36.78,64.10,37.11,10.59,33.18,62.89,68.11,54.0,76.1,8.4,31.1,18.9,13.3,3.2,81.4,52.8,14.0,22.0,22.1,23.3,38.1,3.7,13.8,1.3,44.4,59.2,2.9,304943,312194,193980
2006,IV,M,11.06,61.87,90.59,98.12,90.59,92.67,76.43,13.48,42.45,94.67,78.87,24.15,16.24,104.73,69.38,12.26,9.51,4.27,36.84,68.79,34.81,8.74,31.77,65.19,66.82,57.7,79.8,6.3,27.6,17.9,15.0,3.5,87.8,47.5,12.3,16.9,16.5,19.6,52.0,7.4,22.1,1.4,32.9,82.1,5.0,339840,349744,191840
2009,IV,M,8.71,66.10,94.06,99.07,94.06,96.34,70.30,12.86,35.69,93.11,72.37,29.76,19.60,101.52,72.22,12.03,9.55,4.26,31.01,66.50,37.42,10.19,33.61,62.58,71.57,55.3,75.7,6.2,24.6,19.2,17.7,3.1,89.7,45.9,8.6,17.7,16.2,17.5,67.3,13.5,27.6,1.8,36.9,88.8,7.0,368755,386501,235520
1990,IX,M,14.62,72.24,56.08,75.67,57.67,70.89,73.63,1.10,9.30,89.82,46.61,8.65,30.70,99.49,87.46,5.54,7.69,11.20,54.04,47.29,24.77,8.95,22.56,75.23,82.73,,76.1,11.4,35.8,20.6,12.5,3.3,73.0,33.2,2.3,46.7,34.8,39.0,,,,,,,,91186,92496,50567
1992,IX,M,15.47,64.01,58.94,82.78,59.46,76.05,77.99,0.84,14.69,89.05,52.84,11.67,28.14,99.37,101.45,14.00,7.77,10.30,51.03,53.38,26.75,6.73,24.95,73.25,80.77,55.2,78.5,10.8,35.2,20.5,12.3,3.2,73.9,48.6,3.9,42.3,30.9,34.3,,,,,,,,118569,121089,62965
1994,IX,M,10.03,75.16,63.03,90.31,63.33,84.04,74.91,3.54,11.93,89.38,49.53,9.54,32.84,101.76,88.72,24.65,7.93,8.75,51.53,50.00,24.73,7.10,22.98,75.27,70.22,62.0,79.7,10.0,33.6,20.8,13.4,2.9,76.0,49.9,5.5,34.2,26.1,29.7,,,,,,,,220339,222586,116742
1996,IX,M,15.98,72.75,66.38,82.22,66.38,79.15,78.05,8.59,14.64,89.77,49.86,13.46,35.18,107.85,90.30,32.73,7.87,10.59,50.60,56.22,32.08,9.49,29.04,67.92,68.94,48.6,77.3,9.5,35.8,18.5,12.2,3.3,76.3,57.2,9.5,36.5,28.6,31.7,,,,27.6,,,6.6,212139,217721,111319
1998,IX,M,13.49,77.86,72.54,90.25,72.54,83.90,81.03,4.85,22.55,93.04,60.71,22.52,26.78,107.77,98.74,23.93,8.58,9.03,48.17,60.71,30.93,10.68,27.63,69.07,73.59,59.1,77.3,7.9,33.0,20.1,12.4,3.2,74.9,53.5,10.9,35.4,26.0,33.7,,,,,,,,285816,292313,197526
2000,IX,M,14.03,79.48,74.87,93.19,74.87,86.35,77.72,12.02,25.45,94.18,61.26,23.15,23.00,111.47,73.67,19.76,8.63,8.48,46.03,65.25,31.66,15.20,26.85,68.34,67.15,53.2,79.2,7.7,32.7,19.0,12.8,3.3,77.7,51.2,12.0,33.0,23.7,27.9,10.1,3.2,6.6,25.0,31.8,53.2,8.8,247391,255733,176658
2003,IX,M,9.89,81.91,76.62,95.98,76.62,88.45,76.42,6.62,27.10,93.72,71.62,31.99,43.68,100.99,90.26,17.64,8.92,10.45,41.04,69.88,32.51,12.64,28.40,67.49,68.48,52.8,80.3,7.1,32.3,19.5,13.3,3.0,82.6,47.3,9.9,30.0,20.8,22.8,27.2,7.0,12.4,29.3,41.0,67.8,3.1,240536,251292,203512
2006,IX,M,8.25,71.64,81.55,98.39,81.55,91.48,75.55,12.73,35.56,93.88,72.74,24.39,35.34,100.10,92.14,20.51,9.12,8.44,41.04,68.35,36.27,10.26,32.55,63.73,75.16,54.6,72.0,6.9,30.0,17.7,14.8,3.2,86.9,46.3,12.7,21.0,18.7,21.8,48.0,10.5,19.2,27.3,36.9,81.8,8.2,317109,330640,213549
2009,IX,M,7.48,74.33,83.77,98.23,83.77,91.77,68.96,12.47,37.23,94.72,76.20,27.20,26.61,102.99,71.19,17.38,9.07,7.88,35.10,69.50,33.01,15.25,27.97,66.99,71.03,46.9,75.5,6.4,27.9,17.6,16.8,3.0,88.0,49.4,11.7,27.7,28.2,29.5,61.6,12.6,26.4,28.8,33.9,87.8,10.2,282693,314083,249291
1990,RM,M,13.12,68.88,85.16,99.07,93.39,87.61,69.82,2.14,18.94,90.06,64.94,13.71,26.92,104.27,76.73,12.23,9.67,2.80,34.84,53.30,38.71,9.07,35.20,61.29,81.88,,80.8,9.7,30.5,24.0,11.0,3.3,62.0,42.4,3.9,33.2,24.8,28.2,,,,,,,,128092,129234,66780
1992,RM,M,12.99,62.19,89.26,99.46,90.56,91.20,67.45,3.23,24.68,90.74,63.40,14.70,34.73,102.38,80.89,26.89,9.54,3.20,34.07,56.30,39.92,6.97,37.14,60.08,86.11,61.4,80.6,9.3,30.7,23.0,11.3,3.2,56.5,61.7,7.1,26.8,21.3,22.8,,,,,,,,195754,196934,109467
1994,RM,M,13.61,74.18,91.17,99.70,92.51,93.05,71.69,4.94,24.53,90.19,65.31,20.72,22.53,103.20,68.00,14.69,9.70,2.95,31.67,57.99,41.39,6.97,38.51,58.61,76.56,71.6,80.0,9.0,30.6,22.3,11.1,3.3,55.6,54.0,5.7,20.2,17.4,19.8,,,,,,,,310910,312537,164400
1996,RM,M,8.33,83.36,95.03,99.66,95.03,96.24,72.28,10.66,27.43,90.60,69.21,23.43,24.55,101.54,76.99,15.98,10.11,3.13,34.26,63.20,42.75,6.11,40.14,57.25,74.96,67.2,81.6,8.2,31.3,19.9,11.7,3.2,50.6,66.6,9.2,14.9,13.2,13.8,,,,2.3,,,3.6,409664,412291,200933
1998,RM,M,11.89,81.09,94.31,99.79,94.31,95.40,74.49,7.48,28.38,92.26,67.76,23.61,27.90,101.04,94.91,11.41,10.24,2.73,32.19,62.79,44.70,10.49,40.01,55.30,74.45,65.1,81.8,7.9,30.5,20.2,11.4,3.3,55.0,65.8,7.6,15.6,13.6,15.6,,,,,,,,424421,427289,243007
2000,RM,M,11.24,82.61,96.21,99.91,96.21,97.65,72.07,8.34,29.61,91.34,67.34,21.58,34.75,106.52,101.57,29.62,10.46,2.02,30.21,65.40,46.45,10.14,41.74,53.55,75.46,64.4,82.0,7.9,30.6,19.2,11.4,3.3,60.0,55.5,11.0,15.1,12.5,14.0,17.5,8.4,16.5,2.5,41.9,56.7,4.1,430663,434220,242556
2003,RM,M,9.03,82.36,95.86,99.91,95.86,97.55,70.25,10.53,30.33,92.49,73.18,27.89,38.32,100.88,92.47,27.25,10.73,2.48,27.20,67.21,48.81,10.98,43.45,51.19,75.77,63.8,81.5,6.8,28.9,19.0,11.9,3.2,66.4,52.3,9.3,13.3,11.6,12.5,35.7,16.0,27.9,3.2,50.3,61.3,3.0,477315,481196,271031
2006,RM,M,8.65,82.45,97.33,99.93,97.33,98.42,68.14,16.39,37.84,91.78,73.99,29.44,30.76,108.76,82.09,24.13,10.61,2.43,11.12,68.59,49.02,8.30,44.95,50.98,75.55,63.4,79.0,6.2,27.4,18.9,13.6,3.3,72.2,49.2,8.9,11.0,11.1,11.4,54.9,21.3,33.9,4.5,44.9,86.9,7.1,582451,587284,295145
2009,RM,M,7.39,84.70,98.28,99.98,98.28,99.07,63.86,16.38,36.81,93.60,72.72,31.78,41.33,99.84,95.74,22.34,10.97,2.04,10.99,66.03,47.68,11.07,42.40,52.32,78.67,62.1,78.2,6.3,23.6,20.4,17.0,3.2,73.8,52.6,8.3,11.8,13.2,13.5,64.8,32.2,43.6,4.1,48.9,92.6,7.0,663153,676216,383794
1990,V,M,15.83,62.38,68.18,97.92,77.56,75.39,62.98,1.38,16.81,92.18,68.30,16.20,33.59,100.83,85.18,17.56,9.12,3.69,28.87,54.73,31.74,12.39,27.81,68.26,79.02,,81.2,9.3,32.8,21.5,12.0,3.0,69.0,37.6,9.7,44.4,39.2,43.2,,,,,,,,82310,83144,48479
1992,V,M,12.59,56.12,81.41,98.14,83.48,86.86,67.86,5.77,20.64,91.86,65.22,15.06,29.07,105.83,77.61,18.61,9.44,3.21,20.97,59.31,32.20,8.70,29.40,67.80,86.59,58.5,79.4,9.4,32.5,21.3,11.2,3.1,69.9,56.9,8.5,35.7,27.6,28.3,,,,,,,,144031,145506,82143
1994,V,M,11.37,70.05,90.58,99.34,90.94,93.37,69.34,4.75,25.48,93.43,63.84,23.59,35.23,103.12,101.64,26.28,9.48,2.52,39.67,59.38,34.67,10.05,31.19,65.33,71.08,69.5,79.4,8.3,28.7,19.9,14.5,3.1,69.5,52.4,9.2,26.7,21.4,26.8,,,,,,,,196017,197818,104568
1996,V,M,10.65,75.01,88.44,99.57,88.44,94.42,63.94,10.87,25.75,90.57,69.95,16.91,29.49,102.26,83.99,24.42,9.49,3.62,24.28,61.20,35.62,8.37,32.64,64.38,75.18,61.5,77.9,8.0,30.3,19.7,14.0,3.2,70.0,62.2,9.2,23.0,17.2,19.3,,,,1.4,,,3.8,261843,265095,130557
1998,V,M,11.32,74.04,89.36,99.54,89.36,93.58,72.54,9.94,25.98,92.84,71.14,21.42,34.41,105.18,84.65,18.50,9.95,3.29,26.15,64.58,39.98,12.20,35.10,60.02,69.70,59.6,78.8,7.4,29.2,18.6,13.8,3.3,67.2,63.4,10.9,18.9,14.3,14.9,,,,,,,,343661,347078,184119
2000,V,M,12.60,76.39,89.92,99.35,89.92,92.64,70.57,14.21,27.64,93.51,71.28,26.15,28.05,103.62,95.32,27.20,9.99,2.90,23.25,66.31,38.43,14.03,33.04,61.57,67.86,56.3,76.7,7.4,29.6,19.1,15.3,3.3,71.4,52.6,9.4,19.3,18.0,20.3,15.1,3.9,8.5,0.7,39.5,59.0,5.1,312777,317941,174956
2003,V,M,9.24,70.44,94.17,99.63,94.17,96.27,68.58,14.74,29.40,94.58,74.16,25.67,27.64,106.21,79.18,27.00,10.24,3.03,23.11,66.83,41.69,15.74,35.12,58.31,69.23,57.5,79.9,7.1,28.5,18.4,14.5,3.1,77.0,52.3,7.5,19.2,16.0,17.6,35.6,11.4,21.4,1.2,46.3,61.4,4.2,334170,338104,189268
2006,V,M,11.12,70.06,94.98,99.89,94.98,97.31,66.84,16.56,36.32,92.71,75.92,31.86,22.34,105.43,76.98,19.25,10.08,3.54,20.31,69.11,42.81,11.63,37.83,57.19,70.56,58.7,78.3,6.6,27.7,18.6,15.5,3.2,83.9,49.1,9.1,15.9,15.2,17.2,54.0,12.5,25.0,2.1,40.6,87.2,8.2,384957,392213,207535
2009,V,M,7.24,77.47,95.08,99.92,95.08,97.69,63.73,15.70,38.87,93.46,75.95,30.30,41.50,98.95,101.67,8.02,10.49,2.23,17.68,70.53,41.88,15.57,35.36,58.12,74.23,59.8,79.7,6.0,25.6,18.2,16.9,3.0,84.4,52.8,13.2,16.2,16.8,17.5,64.9,25.0,37.8,3.2,44.4,90.4,7.7,433207,451429,244452
1990,VI,M,14.01,43.46,58.99,90.89,66.92,66.92,66.08,1.01,15.45,91.28,55.72,7.32,40.00,109.64,94.23,17.72,8.01,7.33,36.65,52.00,30.36,13.73,26.19,69.64,80.40,,82.6,9.4,33.8,22.6,10.2,3.5,73.6,40.1,5.4,42.7,40.9,44.4,,,,,,,,74994,75990,45251
1992,VI,M,13.68,50.18,70.06,95.64,70.77,79.19,67.69,1.52,16.16,92.10,57.23,10.33,36.52,101.91,90.27,29.68,8.35,7.14,37.15,50.23,32.12,6.59,30.00,67.88,89.86,63.2,84.1,10.0,31.4,22.5,10.8,3.4,71.8,62.2,5.2,30.8,25.2,28.0,,,,,,,,142875,144659,77571
1994,VI,M,17.31,49.01,66.17,95.22,67.27,74.19,71.58,4.21,21.78,91.28,60.59,9.33,34.20,106.52,92.49,29.43,8.31,6.35,64.09,55.36,31.94,9.83,28.80,68.06,64.36,73.5,79.5,9.2,34.4,21.3,10.1,3.3,70.1,49.1,5.9,33.9,27.0,31.4,,,,,,,,144454,146576,94536
1996,VI,M,13.90,45.39,71.73,93.87,71.73,78.10,77.23,5.78,18.03,91.56,58.07,15.45,36.70,110.13,92.65,27.91,8.22,7.90,36.75,57.45,31.14,9.80,28.09,68.86,71.02,64.0,82.4,9.7,33.2,18.3,12.4,3.2,70.2,63.8,14.2,26.9,27.3,28.2,,,,1.3,,,4.3,174076,177789,105162
1998,VI,M,12.77,49.45,73.03,97.13,73.03,78.40,76.72,8.63,20.76,91.49,62.46,18.86,51.26,108.06,83.62,12.70,8.60,8.05,40.94,58.99,33.58,10.65,30.00,66.42,70.55,64.9,84.8,8.7,31.7,21.3,10.9,3.3,70.3,61.6,16.6,23.0,20.3,21.9,,,,,,,,220958,226264,137808
2000,VI,M,8.97,52.01,78.45,98.99,78.45,85.23,75.19,10.07,22.70,93.60,67.15,20.94,35.21,102.64,102.06,30.57,8.79,5.94,38.68,62.44,35.42,11.14,31.48,64.58,71.77,63.7,82.0,7.3,30.5,19.4,12.9,3.4,75.6,49.3,9.8,20.9,16.1,19.3,11.1,3.0,5.8,0.9,32.5,55.3,5.8,295931,302322,154088
2003,VI,M,11.50,59.62,83.03,99.16,83.03,90.43,73.30,11.64,30.23,95.28,67.85,16.28,34.02,104.49,98.72,31.80,8.99,6.49,36.87,65.05,37.21,10.59,33.27,62.79,75.64,63.1,82.8,7.2,29.1,18.0,13.1,3.1,80.2,54.9,13.6,19.8,19.1,20.5,30.8,4.9,13.2,1.3,41.2,57.8,2.6,267677,272752,164975
2006,VI,M,8.31,60.18,87.38,99.49,87.38,93.41,72.68,13.63,34.04,92.88,74.27,26.48,31.26,103.44,88.29,23.41,9.18,5.63,34.64,66.78,38.21,9.89,34.44,61.79,76.16,66.2,82.6,6.3,27.1,18.1,14.8,3.3,81.2,49.6,11.4,12.1,11.6,12.3,54.7,8.1,16.8,1.2,35.4,81.5,6.1,371105,379597,190292
2009,VI,M,8.23,69.33,88.81,99.65,88.81,95.06,65.00,14.07,35.45,96.11,69.48,24.23,28.75,105.92,82.05,19.18,9.58,5.30,32.52,64.82,39.71,10.05,35.72,60.29,82.00,66.2,81.8,6.3,26.0,18.2,17.0,3.1,83.1,49.8,13.0,13.4,12.4,12.6,67.2,13.2,29.2,2.1,36.8,87.7,9.8,445348,465013,254893
1990,VII,M,18.49,43.88,65.72,90.92,71.11,68.91,66.93,0.31,12.28,88.53,53.38,6.91,27.52,106.47,92.42,27.75,7.71,11.32,71.10,49.72,27.62,6.51,25.82,72.38,72.71,,79.5,9.4,34.7,21.0,11.7,3.4,81.8,35.4,5.0,43.6,36.2,40.6,,,,,,,,89339,90807,50809
1992,VII,M,18.98,35.40,65.12,92.75,66.21,69.36,68.38,1.74,13.00,86.51,44.75,6.84,31.32,107.88,86.66,31.65,7.78,8.83,69.90,49.44,31.80,6.28,29.81,68.20,75.90,58.6,80.4,10.6,34.9,20.5,11.4,3.2,76.2,50.0,3.8,39.6,30.7,34.6,,,,,,,,128155,129593,72711
1994,VII,M,11.09,43.37,73.21,95.46,73.82,79.53,72.08,5.12,18.07,90.24,56.51,11.18,24.23,104.21,82.76,23.78,7.87,9.32,68.08,55.26,32.34,11.82,28.51,67.66,65.41,65.2,78.3,8.6,32.6,20.1,12.2,2.9,78.1,45.1,10.9,40.7,35.6,36.0,,,,,,,,113613,115400,87532
1996,VII,M,14.53,41.82,65.30,95.79,65.30,71.20,71.43,7.21,18.95,92.06,59.00,11.09,40.15,101.31,90.10,19.39,7.98,9.32,65.47,56.31,31.79,6.85,29.62,68.21,61.27,53.9,78.1,9.2,33.5,18.8,11.7,3.4,72.8,57.3,14.6,33.4,29.1,31.4,,,,0.6,,,6.9,178201,182656,117034
1998,VII,M,15.57,54.21,73.78,96.26,73.78,77.42,72.18,6.20,28.42,94.97,63.23,16.00,41.82,99.53,82.54,33.58,8.18,10.39,63.20,61.94,33.32,15.05,28.31,66.68,63.60,56.8,81.9,7.1,30.5,19.0,11.8,3.2,78.7,59.7,16.4,29.2,19.9,23.4,,,,,,,,230874,235160,137179
2000,VII,M,11.15,54.30,81.27,97.91,81.27,85.78,78.12,6.01,21.51,92.79,61.53,14.76,39.03,102.93,93.51,30.95,8.69,7.57,61.85,59.31,33.66,10.67,30.06,66.34,70.38,58.1,80.4,8.4,31.4,20.0,11.7,3.2,77.4,53.7,12.2,25.5,16.5,20.5,12.4,2.7,8.1,1.2,29.3,59.9,8.8,284514,290389,167123
2003,VII,M,13.22,51.77,82.57,99.28,82.57,88.58,74.27,9.44,31.27,94.92,68.44,16.83,37.06,104.90,113.69,37.43,8.80,6.94,64.70,64.76,38.01,14.51,32.49,61.99,69.74,55.9,78.1,7.2,30.6,19.0,12.5,3.1,85.1,51.4,13.3,24.1,20.2,23.5,32.4,1.8,8.7,1.6,37.4,59.5,3.6,313777,322618,180972
2006,VII,M,9.83,55.53,85.09,99.55,85.09,90.67,71.19,12.44,38.96,94.66,73.55,19.54,35.02,108.25,97.77,31.18,9.05,6.81,55.55,64.90,39.40,9.57,35.63,60.60,74.11,60.0,78.3,6.4,27.3,18.8,14.3,3.2,89.7,46.8,11.5,18.5,17.4,16.9,52.7,6.5,16.4,1.7,31.8,83.2,9.1,364425,373604,195677
2009,VII,M,7.92,64.12,92.00,99.73,92.00,95.99,68.62,12.06,44.63,94.27,76.97,27.53,38.73,101.92,110.94,27.24,9.11,7.33,42.41,68.53,36.44,11.91,32.10,63.56,74.08,58.3,83.3,6.6,26.0,17.4,16.0,3.0,89.2,51.9,8.5,22.2,21.3,24.5,65.5,10.9,26.3,1.6,30.7,85.9,9.1,389487,412257,292197
1990,VIII,M,20.86,64.48,53.20,92.31,58.40,66.79,70.40,0.27,12.47,91.42,57.95,9.57,32.79,103.44,103.54,30.86,8.24,8.43,68.22,51.81,26.36,11.38,23.36,73.64,74.82,,77.9,9.7,34.6,23.5,10.0,3.4,73.9,32.5,5.0,48.5,44.4,49.0,,,,,,,,79538,81446,48923
1992,VIII,M,19.85,58.28,67.03,91.77,67.69,77.95,73.19,3.80,15.53,91.04,52.29,9.41,36.44,107.39,97.03,37.32,8.15,8.65,67.12,53.84,28.96,11.29,25.69,71.04,75.69,57.0,80.6,9.6,33.6,22.0,10.5,3.5,73.4,48.7,8.1,45.0,37.3,40.9,,,,,,,,125157,127428,74546
1994,VIII,M,12.30,75.56,69.51,95.50,71.12,80.65,73.49,3.06,20.38,90.75,58.60,15.51,36.11,108.32,98.12,23.09,8.59,6.57,59.30,56.78,29.64,10.86,26.42,70.36,72.08,70.0,82.8,8.9,31.7,21.6,11.4,3.2,72.8,45.6,6.9,40.3,31.5,36.3,,,,,,,,169578,171929,105590
1996,VIII,M,11.96,73.79,72.90,93.40,72.90,81.27,70.64,8.38,24.60,90.37,62.62,22.00,38.42,108.69,93.49,22.19,8.91,6.87,58.51,61.85,29.82,9.22,27.07,70.18,72.01,61.4,81.5,8.4,32.8,20.4,9.9,3.2,69.7,56.0,10.9,33.9,25.3,28.2,,,,2.6,,,4.8,210840,215501,147984
1998,VIII,M,13.41,76.75,76.77,97.08,76.77,85.09,72.84,5.75,19.87,92.61,67.61,21.76,36.75,106.84,87.51,37.81,9.10,6.71,58.43,62.82,32.35,13.73,27.91,67.65,71.66,61.3,80.5,8.1,32.0,19.4,11.3,3.3,76.0,57.9,12.1,32.2,22.7,26.7,,,,,,,,253836,261080,171526
2000,VIII,M,11.34,77.52,82.94,98.96,82.94,90.25,76.35,6.68,20.06,93.83,64.74,18.44,34.35,106.14,103.61,41.10,9.29,5.98,60.28,62.43,33.24,14.95,28.28,66.76,70.02,59.3,80.6,7.5,30.1,19.0,11.8,3.2,79.5,50.6,10.7,27.5,18.2,19.6,12.4,4.6,12.7,2.9,34.1,50.0,6.0,281397,287323,160428
2003,VIII,M,10.68,70.51,84.03,98.59,84.03,92.03,74.09,14.52,30.42,94.50,68.37,25.99,36.41,106.63,92.00,25.03,9.45,6.43,54.32,64.94,34.68,13.47,30.01,65.32,71.37,57.5,79.2,7.1,30.3,18.9,12.1,3.2,82.7,49.1,11.5,28.4,22.7,26.2,30.9,4.4,14.4,2.2,37.2,59.8,3.9,284472,292550,197036
2006,VIII,M,9.97,72.84,89.83,99.38,89.83,94.82,73.46,10.72,33.54,92.79,76.17,29.17,47.27,110.06,98.68,32.80,9.62,6.13,51.34,68.25,36.39,12.84,31.71,63.61,72.20,60.6,78.4,6.1,27.1,18.3,15.4,3.2,86.3,47.6,11.4,21.5,21.0,22.8,51.2,11.9,22.5,3.9,37.9,82.6,7.9,324911,334890,204567
2009,VIII,M,8.44,77.42,92.85,99.55,92.85,96.82,68.78,17.88,37.30,92.30,72.46,34.58,42.16,111.31,96.62,33.68,9.85,5.38,45.07,70.55,37.29,14.88,31.74,62.71,74.51,58.3,80.5,5.8,25.7,19.2,15.2,3.1,87.9,52.9,13.0,21.4,20.9,22.1,64.4,18.9,32.9,3.9,40.4,87.4,9.3,402260,426779,261834
1990,X,M,16.03,71.38,50.16,82.77,51.66,71.73,66.19,0.00,9.41,87.21,49.91,8.15,39.82,103.30,96.56,41.07,7.59,8.71,71.47,47.47,26.07,7.92,24.01,73.93,86.21,,79.1,9.5,34.1,22.1,10.5,3.4,77.2,41.2,3.4,40.9,35.3,38.7,,,,,,,,89514,90901,46955
1992,X,M,16.20,71.54,64.72,88.70,65.13,77.19,72.46,1.28,13.54,87.46,46.94,8.06,53.72,106.08,101.15,21.08,7.74,8.81,63.30,50.61,29.82,6.22,27.96,70.18,77.31,55.0,75.3,9.3,32.6,21.4,11.7,3.3,60.7,60.2,6.3,36.0,32.7,35.8,,,,,,,,131759,133915,74904
1994,X,M,10.63,82.76,74.97,88.53,75.75,80.21,72.91,2.36,13.46,89.68,48.60,10.03,42.15,103.40,101.15,39.02,7.61,7.78,63.32,50.99,28.54,9.33,25.88,71.46,70.64,68.0,80.2,9.0,31.6,20.7,12.7,3.0,72.8,54.7,3.4,33.7,26.1,29.4,,,,,,,,156685,158963,113758
1996,X,M,12.59,85.49,71.16,90.99,71.16,85.39,79.51,9.46,15.99,89.42,59.02,13.46,52.19,100.18,106.69,31.63,7.84,9.37,59.05,56.42,29.21,8.96,26.60,70.79,77.32,62.3,78.8,8.4,33.5,19.8,12.8,3.5,72.5,65.0,12.0,33.0,24.0,27.7,,,,9.4,,,4.6,209709,216096,138745
1998,X,M,14.08,82.53,67.63,91.53,67.63,83.57,77.38,4.17,16.76,94.18,54.20,16.13,49.02,106.89,100.96,32.62,8.29,7.24,63.93,60.78,32.79,10.28,29.42,67.21,69.52,55.6,78.5,7.9,33.7,18.8,11.0,3.2,65.9,64.5,7.8,29.5,25.7,28.4,,,,,,,,203930,209934,161619
2000,X,M,11.95,88.37,80.23,94.47,80.23,91.24,78.40,7.90,16.49,92.04,58.36,18.56,43.96,101.32,104.06,43.03,8.47,7.36,53.50,62.82,34.59,13.19,30.03,65.41,73.04,61.2,81.3,7.6,32.1,17.7,12.1,3.2,74.2,52.9,9.0,26.4,23.4,25.8,9.9,5.7,12.0,9.3,29.2,49.2,4.4,318640,325926,186427
2003,X,M,11.00,87.33,79.53,96.63,79.53,92.30,78.71,11.32,27.02,93.27,66.69,18.10,43.26,104.07,95.54,32.77,8.86,6.13,48.10,66.39,36.14,10.67,32.28,63.86,73.13,58.2,76.7,6.9,32.2,17.3,12.7,3.2,80.5,53.2,11.6,22.6,19.8,22.5,31.4,4.7,10.5,14.3,40.3,57.1,3.9,277498,287165,200823
2006,X,M,10.20,87.31,84.05,97.72,84.05,94.92,75.80,12.23,30.25,93.86,66.24,24.25,45.56,106.40,93.53,27.95,8.95,6.40,44.23,65.97,40.78,6.51,38.13,59.22,77.18,62.3,79.7,6.2,28.4,17.9,13.9,3.2,86.7,48.8,11.7,12.4,15.2,16.3,52.8,6.5,16.5,20.2,37.3,81.6,6.3,403441,416287,215135
2009,X,M,7.66,88.17,88.89,99.54,88.89,95.72,69.87,18.38,39.22,92.85,66.80,22.33,42.25,106.44,98.52,39.68,8.93,5.88,33.32,67.17,41.61,13.33,36.06,58.39,74.81,54.5,76.1,6.3,27.0,17.2,16.2,3.0,88.7,51.7,12.5,14.6,19.5,18.7,64.3,13.5,27.1,21.1,37.4,87.0,9.2,413404,443185,251313
1990,XI,M,19.61,81.53,51.56,92.60,55.52,76.28,73.03,1.58,12.08,87.49,53.79,2.21,43.42,108.27,94.49,32.86,7.66,9.37,72.12,50.94,30.07,7.64,27.77,69.93,82.47,,86.5,11.0,37.4,21.0,8.5,3.2,72.4,46.6,5.0,34.7,35.7,36.3,,,,,,,,74767,75953,60978
1992,XI,M,13.18,80.94,58.66,90.90,60.77,74.18,76.86,1.06,14.26,89.10,59.29,3.91,36.45,109.33,88.95,30.05,7.68,7.37,62.58,50.90,29.60,4.61,28.24,70.40,85.02,66.1,80.7,12.0,36.8,22.7,8.7,3.0,58.2,62.0,5.5,32.3,38.9,40.1,,,,,,,,108603,110032,82077
1994,XI,M,16.03,83.70,67.13,89.97,67.86,79.98,84.11,1.85,18.05,86.22,60.31,5.54,47.21,105.38,92.73,26.51,8.07,6.05,67.18,56.12,38.93,12.05,34.24,61.07,73.01,67.8,76.9,9.9,36.6,21.8,6.6,3.0,56.4,51.4,6.1,31.0,30.8,29.6,,,,,,,,135336,137753,105489
1996,XI,M,18.62,89.97,77.22,96.77,77.22,84.56,64.16,13.06,21.50,90.41,56.36,9.66,51.72,104.76,122.28,54.91,8.13,8.05,65.15,59.40,37.51,6.80,34.96,62.49,79.47,64.7,80.3,11.0,37.6,20.0,7.9,3.6,57.7,67.8,10.9,23.0,23.3,22.3,,,,6.0,,,5.8,263463,269892,129095
1998,XI,M,9.10,87.91,83.17,95.88,83.17,91.18,68.20,0.00,33.83,90.49,71.89,7.38,48.67,104.46,93.71,41.11,8.20,8.35,61.91,62.49,37.95,8.37,34.77,62.05,79.46,65.5,83.7,8.7,36.1,19.1,8.3,2.8,67.8,67.5,17.1,16.1,12.5,13.4,,,,,,,,329933,337308,178531
2000,XI,M,11.65,83.57,80.19,90.70,80.19,86.67,72.61,17.17,28.11,89.81,69.39,17.38,42.81,106.68,94.60,34.14,8.71,7.43,56.52,65.36,42.10,7.77,38.83,57.90,80.48,66.3,76.5,8.8,34.6,18.7,9.5,2.9,68.7,56.4,18.5,15.1,15.1,15.3,10.5,4.8,7.7,8.4,38.6,44.6,13.5,303383,318069,200620
2003,XI,M,9.40,80.63,88.16,98.76,88.16,93.42,75.07,6.02,39.82,95.42,63.57,24.88,59.36,96.49,110.41,47.29,9.02,6.89,47.60,73.78,45.74,9.36,41.46,54.26,81.11,64.1,77.6,5.8,31.5,17.5,12.3,2.8,71.1,51.6,16.1,13.7,17.7,14.7,27.9,2.4,6.9,13.9,47.4,57.0,5.2,312484,323794,258824
2006,XI,M,7.81,85.58,95.43,99.17,95.43,97.34,70.26,27.25,40.75,91.63,73.05,20.75,54.72,103.58,104.02,29.15,9.24,3.28,47.41,67.81,44.31,3.49,42.76,55.69,83.11,63.4,70.8,9.2,32.6,18.3,12.0,3.3,82.7,48.2,20.5,9.9,7.7,8.9,56.4,6.4,20.6,12.2,41.6,87.0,9.2,399150,410074,230416
2009,XI,M,9.32,74.69,96.49,99.04,96.49,98.21,75.67,17.44,32.78,96.06,72.49,23.52,39.58,102.68,97.62,35.66,9.46,5.00,31.11,64.42,46.18,8.38,42.31,53.82,82.77,54.2,75.3,8.5,29.1,19.8,13.7,3.0,81.7,48.9,17.4,15.4,12.4,14.6,68.2,19.6,33.3,21.6,46.3,85.8,8.3,480846,504164,380679
1990,XII,M,10.66,96.29,86.47,98.72,86.68,95.14,75.75,1.14,17.17,91.73,66.03,11.18,56.85,94.61,105.83,29.03,8.63,3.42,4.91,56.55,33.88,6.83,31.57,66.12,91.52,,75.7,10.5,32.8,19.3,10.8,3.1,65.7,40.9,7.0,32.4,28.9,32.3,,,,,,,,104467,105620,64646
1992,XII,M,10.00,72.65,86.64,99.17,89.47,93.55,70.65,1.75,21.23,88.59,67.43,10.27,44.50,106.13,100.73,37.50,8.93,3.71,3.61,59.13,31.66,5.01,30.07,68.34,90.84,74.6,84.4,9.1,32.2,19.4,10.8,2.5,56.1,66.2,1.3,24.5,20.9,22.7,,,,,,,,131386,133691,100182
1994,XII,M,10.67,94.97,92.16,100.00,92.16,96.86,70.97,1.42,19.85,89.73,67.15,10.51,47.10,105.03,100.71,41.05,9.32,2.90,50.84,59.06,36.54,3.15,35.38,63.46,89.27,75.4,77.3,8.7,30.3,18.7,11.2,2.6,44.9,52.5,4.9,15.7,18.8,17.6,,,,,,,,184393,185678,127350
1996,XII,M,10.15,98.00,91.36,96.73,91.36,95.77,70.00,9.71,31.38,96.05,63.54,22.65,39.82,109.43,88.16,30.45,9.41,3.62,3.33,64.04,45.98,5.84,43.29,54.02,69.88,65.0,81.4,9.4,30.9,18.7,10.8,3.2,52.3,65.7,14.3,13.0,12.0,12.2,,,,4.0,,,2.1,283784,285829,143950
1998,XII,M,4.84,96.95,97.49,99.43,97.49,99.60,75.06,3.63,34.14,96.30,69.76,17.67,51.17,104.24,100.19,33.49,9.25,3.21,4.71,67.84,36.84,8.34,33.77,63.16,74.65,71.9,81.0,5.9,28.3,17.5,13.8,2.8,57.8,63.7,12.3,10.8,5.3,6.8,,,,,,,,254236,258303,170838
2000,XII,M,9.54,92.89,97.84,99.83,97.84,99.38,70.55,16.00,21.52,85.02,73.70,33.11,48.61,105.72,99.08,44.72,10.30,2.30,3.31,67.69,42.42,4.63,40.45,57.58,78.08,73.0,78.0,6.6,29.5,17.2,10.5,2.4,52.2,50.8,12.2,11.2,11.5,12.7,22.1,13.6,17.6,7.0,46.5,59.4,9.9,338198,340208,302942
2003,XII,M,4.80,94.49,97.28,99.40,97.28,99.83,77.74,14.13,38.25,97.36,73.06,17.23,42.09,108.68,102.31,32.22,9.84,1.19,2.50,68.61,43.42,12.08,38.18,56.58,80.16,72.0,80.9,6.3,28.7,15.6,15.3,2.8,61.4,50.2,10.6,12.4,11.7,17.4,36.7,4.5,16.3,10.9,48.8,50.1,3.4,461850,465562,230696
2006,XII,M,1.64,76.24,98.81,98.72,98.81,99.17,73.51,30.93,44.21,95.50,87.29,36.26,47.87,106.00,93.03,29.48,10.10,2.81,3.81,77.11,42.84,7.94,39.44,57.16,81.36,72.5,80.7,5.7,26.6,19.0,15.5,2.7,71.2,51.8,4.6,6.9,6.2,6.9,58.1,6.6,37.0,15.9,49.4,77.5,6.5,449239,455223,284085
2009,XII,M,2.09,87.64,97.82,99.86,97.82,98.84,76.37,30.51,36.68,98.63,84.85,18.15,37.02,110.44,99.82,27.31,9.87,2.11,3.43,58.29,47.74,14.68,40.73,52.26,85.79,62.9,83.4,8.6,24.4,19.7,14.5,2.6,77.5,54.7,7.7,9.0,9.2,11.5,74.9,22.1,38.3,23.3,55.2,88.2,11.7,448643,462658,249649
2006,XIV,M,11.40,79.45,83.10,98.47,83.10,94.68,74.46,11.69,33.15,92.24,70.29,23.34,38.32,102.94,95.82,29.79,8.85,6.50,48.92,67.72,36.21,10.78,32.31,63.79,67.98,51.8,78.7,6.5,29.0,17.0,15.8,3.3,85.4,51.8,9.4,19.6,18.1,20.8,49.6,7.3,18.1,14.7,39.1,82.6,7.8,338131,348830,193880
2009,XIV,M,10.48,79.42,87.28,98.64,87.28,96.61,73.95,8.16,39.39,94.11,74.66,28.69,43.90,104.35,99.60,45.24,9.21,6.20,45.13,66.61,34.12,15.33,28.89,65.88,75.56,61.1,80.2,6.5,27.4,19.2,15.7,2.9,88.5,54.1,8.7,21.9,24.8,26.7,58.4,13.4,23.7,15.8,35.2,88.5,8.3,312595,337798,266576
2006,XV,M,18.00,53.89,92.54,99.65,92.54,97.22,59.82,18.69,48.29,88.04,70.65,32.28,44.58,107.06,95.60,34.59,10.51,3.53,34.90,70.05,48.80,9.53,44.15,51.20,73.19,55.0,73.9,7.4,27.3,18.8,15.3,3.7,83.1,46.3,19.5,19.3,21.0,20.8,49.8,9.3,30.5,21.2,41.7,87.1,5.4,326246,334783,153881
2009,XV,M,11.42,83.61,96.40,99.92,96.40,96.79,71.87,15.81,41.94,95.31,90.27,34.04,48.12,97.67,114.42,46.51,10.87,1.75,29.18,71.03,40.10,11.25,35.59,59.90,66.98,54.3,70.0,7.0,29.0,19.6,12.7,3.9,80.4,60.8,13.3,14.5,17.8,15.1,62.8,33.0,51.7,24.0,54.1,89.4,5.2,597985,616162,297866
