fecha,sistema,afp,alameda,aporta,aporta_fomenta,armoniza,banguarday,bannuestra,bansander,capital,concorday,cuprum,el_libertador,fomenta,futuro,genera,habitat,invierta,laboral,magister,modelo,norprevision,planvital,planvital,planvital_,previpan,proteccion,provida,qualitas,qualitas,san_cristobal,santa_maria,summa,summa_bansander,union,valora
29707,501693,01,7623,,,,,,,,1905,3536,4163,,,,50421,25127,,,,,15624,,,,,204188,,,44240,126369,18497,,,
29738,759184,01,22218,,,,,,,,4384,4625,9812,,,,67640,53767,,,,,20464,,,,,291327,,,64129,190380,30438,,,
29768,998843,01,45946,,,,,,,,7836,5368,17359,,,,76860,87281,,,,,29263,,,,,363856,,,92011,234744,38319,,,
29799,1167825,01,57910,,,,,,,,11524,6444,30072,,,,81140,105615,,,,,31896,,,,,415136,,,120877,260680,46531,,,
29830,1300426,01,69145,,,,,,,,13420,7710,33872,,,,87426,119385,,1742,,,35070,,,,,454655,,,145126,280081,52794,,,
29860,1425005,01,77787,,,,,,,,16051,8452,34630,,,,89753,131526,,4268,,,41177,,,,,477912,,,172715,310780,59954,,,
29891,1509098,01,85237,,,,,,,,18692,9734,33938,,,,91199,138835,,7053,,,50827,,,,,498632,,,188715,321072,65164,,,
29921,1604908,01,91450,,,,,,,,21430,11074,33584,,,,91676,145290,,8700,,,55773,,,,,527482,,,220365,327849,70235,,,
29952,1636137,01,92048,,,,,,,,23733,12148,33714,,,,93704,152276,,9713,,,57579,,,,,527831,,,228648,333422,71321,,,
29983,1625574,01,94525,,,,,,,,22498,12077,34046,,,,95336,157334,,10359,,,54786,,,,,495346,,,239903,336434,72930,,,
30011,1628394,01,97854,,,,,,,,23803,13213,34046,,,,97783,160400,,11643,,,60567,,,,,504690,,,214199,338147,72049,,,
30042,1579866,01,113352,,,,,,,,24124,15148,22290,,,,98535,149755,,10097,,,58471,,,,,508562,,,163576,341104,74852,,,
30072,1614946,01,116600,,,,,,,,24674,16891,22003,,,,101341,151019,,10734,,,62868,,,,,515825,,,170319,341044,81628,,,
30103,1644274,01,123367,,,,,,,,26599,17600,23112,,,,104770,148533,,11999,,,69115,,,,,520446,,,168841,343103,86789,,,
30133,1671229,01,129529,,,,,,,,28009,19099,23809,,,,106586,146753,,12207,,,67957,,,,,529298,,,171931,344631,91420,,,
30164,1684171,01,135315,,,,,,,,28656,20577,24629,,,,110609,147388,,13387,,,67009,,,,,535877,,,167579,335393,97752,,,
30195,1698461,01,140771,,,,,,,,29989,21543,25792,,,,112546,152016,,14744,,,67817,,,,,534822,,,165532,332425,100464,,,
30225,1705901,01,142743,,,,,,,,30449,21774,26291,,,,114007,141252,,15580,,,68423,,,,,540262,,,166246,334737,104137,,,
30256,1724143,01,147131,,,,,,,,31821,22216,26576,,,,116464,142882,,16445,,,68854,,,,,545595,,,165236,334263,106660,,,
30286,1741002,01,150781,,,,,,,,32605,22920,26977,,,,118593,144396,,16501,,,70590,,,,,548546,,,165704,334601,108788,,,
30317,1750223,01,153525,,,,,,,,33268,23232,27174,,,,120734,146320,,17356,,,70763,,,,,547010,,,165104,333923,111814,,,
30348,1761149,01,155108,,,,,,,,34125,23758,27616,,,,122673,147120,,18133,,,69868,,,,,549074,,,164186,333131,116357,,,
30376,1780589,01,158013,,,,,,,,35185,23956,28610,,,,125161,149817,,19347,,,69476,,,,,551154,,,164904,334197,120769,,,
30407,1804035,01,159858,,,,,,,,36655,24379,29723,,,,128669,152004,,20437,,,70992,,,,,554387,,,166730,335146,125055,,,
30437,0,01,,,,,,,,,,,,,,,,,,,,,,,,,,,,,,,,,,
30468,0,01,,,,,,,,,,,,,,,,,,,,,,,,,,,,,,,,,,
30498,0,01,,,,,,,,,,,,,,,,,,,,,,,,,,,,,,,,,,
30529,0,01,,,,,,,,,,,,,,,,,,,,,,,,,,,,,,,,,,
30560,0,01,,,,,,,,,,,,,,,,,,,,,,,,,,,,,,,,,,
30590,0,01,,,,,,,,,,,,,,,,,,,,,,,,,,,,,,,,,,
30621,0,01,,,,,,,,,,,,,,,,,,,,,,,,,,,,,,,,,,
30651,0,01,,,,,,,,,,,,,,,,,,,,,,,,,,,,,,,,,,
30682,0,01,,,,,,,,,,,,,,,,,,,,,,,,,,,,,,,,,,
30713,0,01,,,,,,,,,,,,,,,,,,,,,,,,,,,,,,,,,,
30742,0,01,,,,,,,,,,,,,,,,,,,,,,,,,,,,,,,,,,
30773,0,01,,,,,,,,,,,,,,,,,,,,,,,,,,,,,,,,,,
30803,0,01,,,,,,,,,,,,,,,,,,,,,,,,,,,,,,,,,,
30834,0,01,,,,,,,,,,,,,,,,,,,,,,,,,,,,,,,,,,
30864,0,01,,,,,,,,,,,,,,,,,,,,,,,,,,,,,,,,,,
30895,1811026,01,127868,,,,,,,,40264,22421,40126,,,,180706,134569,,29131,,,61012,,,,,555423,,,135221,338965,145320,,,
30926,1835488,01,130945,,,,,,,,40967,22794,41612,,,,185705,134585,,29347,,,60931,,,,,560733,,,136572,342023,149274,,,
30956,1863689,01,134774,,,,,,,,41940,23025,42245,,,,192258,135026,,29637,,,61239,,,,,565674,,,137772,346943,153156,,,
30987,1898580,01,137126,,,,,,,,42973,23487,42920,,,,198187,136816,,30021,,,61380,,,,,575504,,,139675,352290,158201,,,
31017,1930353,01,140141,,,,,,,,43954,24218,47036,,,,202936,138644,,30541,,,62348,,,,,584259,,,140891,357607,157778,,,
31048,1963758,01,141900,,,,,,,,44928,24368,47649,,,,209514,142275,,30903,,,63959,,,,,592061,,,141020,363478,161703,,,
31079,2012828,01,142863,,,,,,,,45582,24482,48906,,,,214539,143531,,31349,,,64073,,,,,611818,,,150720,370270,164695,,,
31107,2043045,01,144374,,,,,,,,46640,24593,47931,,,,219552,145535,,31700,,,64669,,,,,622125,,,153280,375079,167567,,,
31138,2074625,01,145205,,,,,,,,46970,24716,48991,,,,225752,146342,,32420,,,65124,,,,,632463,,,154380,382206,170056,,,
31168,2100888,01,145403,,,,,,,,47513,24854,49999,,,,231744,147870,,33072,,,66041,,,,,637098,,,153826,390634,172834,,,
31199,2129493,01,146936,,,,,,,,47843,24706,51622,,,,237124,148191,,33914,,,66118,,,,,647358,,,153936,395854,175891,,,
31229,2159188,01,147709,,,,,,,,47903,24980,52068,,,,242673,148914,,34981,,,66387,,,,,653597,,,154943,404849,180184,,,
31260,2181035,01,148294,,,,,,,,48544,25155,53232,,,,248560,149541,,35343,,,66180,,,,,656208,,,156091,409795,184092,,,
31291,2199684,01,,,,,,,,,49513,25305,54392,,,,253208,149710,,35722,,,66178,,,,,661130,,,,413125,186871,,304530,
31321,2227207,01,,,,,,,,,50635,25378,55472,,,,258925,149885,,36897,,,66566,,,,,666305,,,,419518,190773,,306853,
31352,2258456,01,,,,,,,,,51910,25474,56608,,,,264491,150656,,37810,,,67181,,,,,676308,,,,424655,194784,,308579,
31382,2283830,01,,,,,,,,,53354,25829,57028,,,,269466,152241,,38518,,,67489,,,,,682540,,,,428892,198123,,310350,
31413,2312284,01,,,,,,,,,55049,25777,57717,,,,275911,153869,,38738,,,67462,,,,,688718,,,,433840,203507,,311696,
31444,2340456,01,,,,,,,,,56671,25776,57626,,,,281862,155410,,39465,,,67534,,,,3182,691606,,,,440076,208208,,313040,
31472,2366195,01,,,,,,,,,57943,25916,57709,,,,285745,157258,,39870,,,67409,,,,3428,696657,,,,446793,212232,,315235,
31503,2392338,01,,,,,,,,,59121,25943,57771,,,,291212,158120,,40548,,,67566,,,,3983,703766,,,,452143,215825,,316340,
31533,2423743,01,,,,,,,,,60043,26030,57826,,,,295839,158479,,40856,,,67710,,,,4388,711240,,,,463825,219543,,317964,
31564,2443372,01,,,,,,,,,60782,26036,57807,,,,299620,158547,,41038,,,67736,,,,4549,716370,,,,469517,222286,,319084,
31594,2467066,01,,,,,,,,,61544,26239,57907,,,,304240,157053,,41596,,,67966,,,,5109,721894,,,,475848,227454,,320216,
31625,2488495,01,,,,,,,,,62337,26163,57942,,,,308226,158262,,42285,,,68405,,,,5359,727301,,,,480412,230497,,321306,
31656,2510806,01,,,,,,,,,63284,26165,57864,,,,312963,157529,,42629,,,68427,,,,5512,733218,,,,488654,233085,,321476,
31686,2537350,01,,,,,,,,,65150,26185,58066,,,,318601,157236,,42890,,,68788,,,,5933,739546,,,,496816,236165,,321974,
31717,2568198,01,,,,,,,,,66413,26465,58166,,,,323944,158694,,43394,,,69322,,,,6091,750369,,,,503957,239002,,322381,
31747,2591484,01,,,,,,,,,67690,26806,58197,,,,328720,157189,,43959,,,69684,,,,6275,757229,,,,510995,241513,,323227,
31778,2616843,01,,,,,,,,,68909,27313,58611,,,,335145,157205,,44391,,,70289,,,,6499,762612,,,,518183,244410,,323276,
31809,2641170,01,,,,,,,,,70101,27757,58983,,,,340659,156990,,45052,,,70944,,,,6727,769469,,,,525333,246401,,322754,
31837,2669687,01,,,,,,,,,71324,28123,59451,,,,346702,158185,,45948,,,71716,,,,6908,775646,,,,533801,248864,,323019,
31868,2694985,01,,,,,,,,,72451,28530,59718,,,,352394,158351,,47113,,,72121,,,,7062,780967,,,,541758,251001,,323519,
31898,2716150,01,,,,,,,,,73376,28775,60134,,,,357447,158437,,47800,,,72597,,,,7282,784768,,,,548912,252675,,323947,
31929,2739383,01,,,,,,,,,74361,29110,60548,,,,363412,158315,,48261,,,72989,,,,7533,790163,,,,555887,254460,,324344,
31959,2762333,01,,,,,,,,,75248,29401,61133,,,,369507,157665,,48780,,,73493,,,,7732,795532,,,,562908,256257,,324677,
31990,2785285,01,,,,,,,,,76076,29678,61555,,,,375654,157526,,49278,,,73945,,,,7933,800853,,,,570031,257840,,324916,
32021,2808611,01,,,,,,,,,76883,30001,62025,,,,381982,157345,,49451,,,74398,,,,8099,805117,,,,577421,259881,,326008,
32051,2835176,01,,,,,,,,,77948,30384,62654,,,,389659,156844,,49857,,,74384,,,,8335,810087,,,,585179,262144,,327701,
32082,2867172,01,,,,,,,,,79433,30731,63364,,,,397079,156445,,50230,,,75151,,,,8603,817169,,,,594317,264835,,329815,
32112,2890680,01,,,,,,,,,80624,31085,63865,,,,401905,154837,,50520,,,76245,,,,8914,823054,,,,602566,266128,,330937,
32143,2919082,01,,,,,,,,,82200,31380,64269,,,,409614,155747,,50851,,,78918,,,,9213,828194,,,,609168,267743,,331785,
32174,2942498,01,,,,,,,,,83857,31943,64921,,,,414174,155336,,51472,,,79506,,,,9651,835097,,,,615412,268787,,332342,
32203,2974385,01,,,,,,,,,85806,32588,65965,,,,424612,154120,,52265,,,80463,,,,10477,843555,,,,623600,269973,,330961,
32234,3000206,01,,,,,,,,,87079,33209,67271,,,,433420,152939,,52633,,,80897,,,,11392,851262,,,,629253,270474,,330377,
32264,3019216,01,,,,,,,,,88420,33788,68268,,,,441208,151469,,53267,,,81601,,,,12279,854081,,,,633288,271889,,329658,
32295,3044232,01,,,,,,,,,89116,34996,69970,,,,451499,149906,,53718,,,82631,,,,13359,861562,,,,634644,273297,,329534,
32325,3066834,01,,,,,,,,,90419,36055,71589,,,,460088,148590,,53769,,,83162,,,,14329,867047,,,,637337,274769,,329680,
32356,3096076,01,,,,,,,,,91666,36815,73532,,6,,468963,147537,,53789,,,83639,,,,15421,878194,,,,639733,276343,,330438,
32387,3118984,01,,,,,,,,,92922,37463,75376,,19,,476795,146523,,53730,,,84331,,,,16320,885053,,,,642249,277504,,330699,
32417,3131256,01,,,,,,,,,94177,38021,76313,,22,,483054,145683,,53674,,,85113,,,,17270,883891,,,,644455,278899,,330684,
32448,3158715,01,,,,,,,,,95876,38652,76874,,1363,,491486,144455,,53533,,,86004,,,,18160,893707,,,,647657,280639,,330309,
32478,3183002,01,,,,,,,,,97843,39236,77132,,2051,,498738,144024,,53550,,,87192,,,,18959,901476,,,,650822,281855,,330124,
32509,3214808,01,,,,,,,,,99942,39766,77289,,2557,,506668,143535,,54019,,,88532,,,,19606,915214,,,,654251,283205,,330224,
32540,3239825,01,,,,,,,,,101592,40128,77331,,3264,,514363,143327,,54773,,,89868,,,,20232,924716,,,,656615,283963,,329653,
32568,3265607,01,,,,,,,,,103056,40491,77683,,3761,,521345,143460,,55221,,,90766,,,,20625,932640,,,,660368,285417,,330774,
32599,3291711,01,,,,,,,,,104394,40984,77791,,4390,,529660,143348,,55891,,,91468,,,,20998,941563,,,,663663,285873,,331688,
32629,3315409,01,,,,,,,,,105553,41406,77930,,4765,,536068,143380,,56308,,,91904,,,,21405,950527,,,,667163,286535,,332465,
32660,3338423,01,,,,,,,,,106621,42075,77805,,5182,,543676,143163,,57061,,,92087,,,,21931,958922,,,,669820,287263,,332817,
32690,3361364,01,,,,,,,,,107486,42934,77787,,5500,,550241,143280,,57916,,,92315,,,,22429,967248,,,,672719,288072,,333437,
32721,3381972,01,,,,,,,,,108365,44091,78162,,5737,,556659,143276,,58544,,,92477,,,,22904,975245,,,,673749,288841,,333922,
32752,3402063,01,,,,,,,,,109122,44911,78429,,5974,,562937,142894,,58765,,,92450,,,,24347,984383,,,,674786,289154,,333911,
32782,3422515,01,,,,,,,,,110399,45771,79005,,6160,,569280,142865,,59075,,,92862,,,,24683,990113,,,,678086,290016,,334200,
32813,3448931,01,,,,,,,,,112337,46649,79546,,6359,,576335,142383,,59334,,,93711,,,,26009,997351,,,,683166,290587,,335164,
32843,3470845,01,,,,,,,,,114531,47391,80024,,6562,,581191,142104,,59926,,,94085,,,,27257,1001948,,,,688319,291236,,336271,
32874,3499546,01,,,,,,,,,116879,48403,80283,,6612,,588307,141836,,60225,,,94858,,,,29019,1008614,,,,694114,292688,,337708,
32905,3526134,01,,,,,,,,,119100,49328,80506,,6684,,595389,141993,,61163,,,95112,,,,30385,1015813,,,,698821,292741,,339099,
32933,3551790,01,,,,,,2,,,121289,50001,80778,,6784,,600710,141302,,61735,,,95281,,,,31597,1022478,,,,706267,293701,,339865,
32964,3577088,01,,,,,,324,,,122857,51344,81119,,6903,,606926,141322,,62002,,,95575,,,,33044,1029272,,,,711369,294589,,340442,
32994,3596324,01,,,,,,328,,,123970,52265,81539,,6906,,610815,141371,,62346,,,95759,,,,34141,1034824,,,,715290,295827,,340943,
33025,3615998,01,,,,,,800,,,124671,53962,81724,,6893,,615014,141505,,63058,,,95628,,,,35422,1041728,,,,718901,296063,,340629,
33055,3635189,01,,,,,,1171,,,125364,55687,81914,,6849,,619608,141771,,63554,,,95833,,,,35968,1046702,,,,723350,296704,,340714,
33086,3655855,01,,,,,,1171,,,125593,57387,81892,,6752,,624631,141823,,63951,,,96142,,,,36662,1054917,,,,727844,297060,,340030,
33117,3671733,01,,,,,,1037,,,125811,59465,81619,,6717,,628332,141766,,64020,,,95799,,,,36601,1061793,,,,731655,297258,,339860,
33147,3696351,01,,,,,,967,,,126136,62289,81759,,6724,,633074,144575,,64070,,,95743,,,,37156,1069030,,,,738190,297660,,338978,
33178,3721421,01,,,,,,740,,,127036,65150,81339,,6713,,637613,144264,,64140,,,96072,,,,37798,1077525,,,,745627,298650,,338754,
33208,3739542,01,,,,,,453,,,128177,67484,81300,,6772,,638005,143979,,63919,,,96338,,,,38061,1084923,,,,752318,299303,,338510,
33239,3763904,01,,,,,,296,,,129338,71230,81008,,6800,,641862,143274,,63733,,,97002,,,,38130,1090935,,,,761735,301045,,337516,
33270,3808404,01,,,,,,247,,,130435,74977,80797,,6847,,646038,144844,,63471,,,97850,,,,37174,1117061,,,,770727,301719,,336217,
33298,3845340,01,,,,,,226,,,131665,78297,80579,,6831,,661488,144899,,63414,,,98352,,,,37376,1121904,,,,782149,302346,,335814,
33329,3894151,01,,,,,,110,,,132354,80886,80913,,6881,,665966,144300,,63348,,,98298,,,,37785,1129000,,,,813682,304778,,335850,
33359,3918256,01,,,,,,88,,,132789,82897,81020,,6921,,668652,144043,,63251,,,98256,,,,38007,1135642,,,,821854,309487,,335349,
33390,3943511,01,,,,,,,,,134740,85971,81420,,6982,,678370,143966,,63288,,,98327,,,,38104,1140161,,,,826454,310499,,335229,
33420,3963834,01,,,,,,,,,134867,89360,81712,,7025,,681237,143714,,63065,,,98501,,,,38294,1146097,,,,831803,313026,,335133,
33451,3999083,01,,,,,,,,,135325,91711,82025,,7046,,684386,143906,,62990,,,99358,,,,38315,1166797,,,,834541,317285,,335398,
33482,4012941,01,,,,,,,,,135716,93247,82316,,7036,,686666,143542,,63055,,,99261,,,,38107,1171120,,,,838635,319178,,335062,
33512,4057874,01,,,,,,,,,136299,94821,82733,,7057,,700262,143009,,63487,,,99443,,,,38224,1191694,,,,843727,321868,,335250,
33543,4080519,01,,,,,,,,,137474,96635,83033,,7064,,707715,142082,,64146,,,99672,,,,38356,1194927,,,,847897,325853,,335665,
33573,4109184,01,,,,,,,,,140203,97696,83406,,7090,,711622,141147,,64599,,,99858,,,,38496,1198239,,,,861966,328706,,336156,
33604,4138965,01,,,,,43,,,,142828,98204,84039,,7125,,720440,143155,,65073,,,100858,,,,38849,1199198,,,,871391,331801,,335961,
33635,4195492,01,,,,,65,,,,143916,98810,84575,,7171,,731162,143208,,65766,,,101216,,,,39252,1219799,,,,890568,333705,,336279,
33664,4226499,01,,,,,67,,,,144935,99347,85223,,7185,,738282,142431,,66127,,,101305,,,,39628,1230747,,,,898096,336242,,336884,
33695,4246574,01,,,,,1078,,,,145311,100707,86303,,7180,,744165,141812,,66614,,,101123,,,,40291,1235629,,,,902110,336897,,337354,
33725,4264345,01,,,,,1904,,,,145192,101656,87048,,7329,,750071,141171,,66902,,,100860,,,,40870,1241587,,,,904752,337304,,337699,
33756,4281476,01,,,,,3184,,,,145157,103294,88137,,7523,,756650,139870,,67514,,,100185,,,,42028,1244720,,,,907041,337830,,338343,
33786,4296917,01,,,,,4126,,84,,145387,105253,89187,,7697,,762312,138545,,68233,,,99787,,,,43348,1247247,,,,909296,338398,,338017,
33817,4318064,01,,,,,5552,,192,,145720,107415,90106,,7904,,774560,137770,,68621,,,99789,,,25,45066,1248140,469,,,910449,338631,,337655,
33848,4332716,01,,,,,6638,,327,,146762,109980,91593,,8026,,779144,136944,,68705,,,100222,,,58,46973,1248876,950,,,910987,338387,,338144,
33878,4398669,01,,,,,8067,,5026,,147702,112687,92645,,8035,,788651,135753,229,69076,,,100256,,,125,48915,1283090,1442,,,921565,337429,,337976,
33909,4418083,01,,,,,9561,,9969,,148578,114779,94260,3,8141,,798698,136061,452,69028,,,100562,,,496,51715,1286102,1992,,,923039,334095,,330552,
33939,4434795,01,,,,,10793,,14079,,150172,117474,95359,1601,8155,,803781,135487,513,68851,,,100498,,,1135,54319,1284427,2407,,,922617,332712,,330415,
33970,4455476,01,,,,,12565,,18733,,151881,119916,96314,2325,8165,,810683,135144,561,68596,,,100079,,,1962,57826,1282129,2723,,,922973,332279,,330622,
34001,4475312,01,,,,,14457,,23379,,152820,123372,96519,3165,8248,,817595,134890,633,68306,,,100147,,,2962,62004,1282085,2984,,,919451,331806,,330489,
34029,4502273,01,,,,,15480,,26807,,153443,126278,96464,3513,8217,,824490,134558,615,68143,,,100205,,,3765,65369,1286326,3328,,,923454,331584,,330234,
34060,4522892,01,,,,,16701,,29318,,153662,129333,95769,3837,8232,,830631,134331,630,67849,,,100047,,,4663,68584,1293289,3664,,,921197,330988,,330167,
34090,4538216,01,,,,,17624,,30772,,153747,131055,94725,4065,8268,0,835524,133972,632,67415,,,99619,,,5307,70966,1302542,4001,,,918620,330108,,329254,
34121,4553988,01,,,,,17984,,32542,,153546,134083,92963,4314,8289,10,840957,132933,628,66842,,,98952,,,6160,75287,1314967,4592,,,914848,328483,,325608,
34151,4574139,01,,,,,18368,,33497,,153093,137069,91520,4476,8304,32,853093,131560,644,66107,,,97828,,,6858,78585,1325392,5156,,,911999,327850,,322708,
34182,4588944,01,,,,,18992,,33690,,152854,139255,90339,4599,8406,472,858056,130287,741,64797,,0,96887,,,7478,81544,1335474,5772,,,911485,327618,,320198,
34213,4618427,01,,,,,19929,,33748,,154300,142532,89457,4671,8513,827,863264,129009,948,63908,,0,95928,,,7777,84478,1358744,6328,,,909597,327754,,316715,
34243,4668758,01,,,,,21972,,34723,,154260,145809,88553,4767,8585,1266,867515,128705,895,63410,,171,96235,,,8396,87667,1382409,6848,,,923756,330068,,312748,
34274,4692284,01,,,,,23993,,36387,,153840,148775,88386,4942,8668,1886,877027,127341,1262,62736,,461,94928,,,8962,90348,1392994,7483,,,922259,330885,,308721,
34304,4708840,01,,0,,,25597,,38284,,152742,153013,87246,5102,8974,2430,888176,,1529,63146,,669,,217807,,9283,95930,1393421,7849,,,920138,333250,,304254,
34335,4733099,01,,30,,0,27167,,40779,,152810,156081,86580,5244,9094,2749,900094,,1529,62865,,,,214998,,9545,98446,1397942,8138,,,920113,335946,,302085,864
34366,4755780,01,,3590,,0,28409,,43878,,152567,157483,85307,5526,9053,3034,910462,,1674,62848,,,,212241,,9797,98063,1400332,8387,,,922357,338752,,300923,1097
34394,4773226,01,,4774,,0,28492,,45670,,152524,158585,84209,5837,8959,3322,917975,,1618,62566,,,,210010,,10169,99246,1403274,8500,,,924528,341183,,300489,1296
34425,4791752,01,,5707,,1801,28593,,48138,,152369,158505,83214,6098,8930,3744,924727,,1490,62774,,,,209059,,10522,100774,1405948,8653,,,925393,342907,,301023,1383
34455,4804782,01,,6581,,3153,28539,,49478,,151556,158834,82419,6322,8805,4033,927764,,741,62886,,,,208238,,10845,102185,1411826,8740,,,925560,342734,,302085,1458
34486,4818623,01,,7655,,4887,27715,,50734,,150955,158861,81318,6630,8631,4165,934512,,454,63229,,,,206879,,11115,104443,1414670,8636,,,925935,343832,,301922,1445
34516,4833135,01,,8538,,6250,27167,,52019,,150710,158930,80441,6925,8340,4302,939570,,,63355,,,,205908,,11378,108188,1418518,8552,,,926036,344851,,301646,1511
34547,4858827,01,,9400,,7375,26981,,53318,,150267,159136,79678,7173,8132,4389,945951,,,63256,,,,204322,,11650,111422,1423292,8571,,,936266,345317,,301043,1888
34578,4899115,01,,10096,,8209,26486,,54597,,150195,160230,79236,7346,8022,4334,948770,,,63382,,,,203244,,11766,114811,1452067,8581,,,935679,346632,,302934,2498
34608,4929879,01,,10740,,9101,25989,,55873,,150482,162695,78705,7419,7874,4260,953248,,,63906,,,,202990,,11811,119020,1466792,8482,,,933358,346813,,307212,3109
34639,4969765,01,,11303,,9876,25185,,57702,,150259,166367,78498,7422,7781,4044,967099,,,64166,,,,208622,,11625,124676,1474754,8467,,,929741,346881,,311382,3915
34669,5014444,01,,11892,,11493,24291,,59382,,150010,169374,77688,7425,7687,3874,968425,,,64110,,,,231848,,11398,128448,1478981,8541,,,930890,347921,,316342,4424
34700,5038637,01,,12548,,12717,23969,,61292,,151385,174182,77540,7552,7575,3589,969230,,,63986,,,,231227,,11138,132716,1484237,8716,,,932324,346216,,321627,4871
34731,5062986,01,,12961,,13590,23582,,62502,,151224,178494,76823,7757,7523,3385,976621,,,63671,,,,230610,,10818,137874,1486571,9000,,,932231,343499,,328783,5467
34759,5098299,01,,13448,,14258,23539,,63609,,151186,181576,76262,7983,7560,3289,980922,,,63572,,,,230118,,10742,145004,1490746,9264,,,935646,341615,,341970,5990
34790,5124544,01,,13982,,14729,23061,,65217,,150573,185499,75225,8195,7546,3256,987550,,,63719,,,,239354,,10435,147596,1496633,9525,,,934574,340330,,340804,6741
34820,5142231,01,,14436,,14993,,,66763,,149865,189073,,8440,7498,3186,1000826,,,63597,,,,237956,,10195,149588,1577052,9729,,,953147,338063,,340252,7572
34851,5152395,01,,15169,,15085,,,68274,,148609,194206,,8996,7381,3093,1005915,,,63114,,,,235058,,9862,152763,1584587,,,,949236,334188,,338929,17930
34881,5166940,01,,16111,,15362,,,71052,,147452,201722,,9513,6985,2889,1009358,,,62623,,,,233711,,9521,157802,1590003,,,,946020,333262,,335064,18490
34912,5174636,01,,16775,,15634,,,73269,,145752,208608,,9799,6377,2625,1013149,,,62449,,,,232269,,8994,164696,1594067,,,,941170,330299,,329828,18876
34943,5184102,01,,17011,,16214,,,75080,,144027,214504,,9992,6000,2262,1014283,,,61802,,,,231257,,8534,170302,1597590,,,,940730,327636,,327658,19220
34973,5193590,01,,17116,,17107,,,76772,,142748,221587,,10262,5492,,1016081,,,61637,,,,230567,,8077,179015,1600054,,,,940419,323550,,323669,19437
35004,5223094,01,,16669,,17724,,,79809,,140902,230378,,10959,5001,,1018215,,,61188,,,,231615,,,188487,1604663,,,,952676,319649,,317894,27265
35034,5320913,01,,16306,,18398,,,82335,,140413,237064,,11142,4644,,1045312,,,60861,,,,231339,,,194922,1663839,,,,956138,317416,,313849,26935
35065,5342931,01,,16047,,18627,,,85766,,138145,246948,,11327,4198,,1051429,,,59808,,,,230508,,,198905,1669864,,,,958110,317435,,308543,27271
35096,5368870,01,,15840,,19044,,,90254,,134418,257781,,11565,3737,,1061705,,,58575,,,,228995,,,201019,1680630,,,,959250,316002,,303017,27038
35125,5404375,01,,15700,,19158,,,92592,,,267260,,11580,3487,,1082305,,,58073,,,,361247,,,201506,1689679,,,,959262,316834,,298571,27121
35156,5421097,01,,15662,,19446,,,95419,,,276706,,11313,3209,,1089213,,,57772,,,,357984,,,201464,1696516,,,,956831,319051,,293161,27350
35186,5452565,01,,15668,,20021,,,96980,,,286362,,10919,2973,,1111940,,,57313,,,,355925,,,201577,1703511,,,,953427,319640,,288682,27627
35217,5463527,01,,15458,,20159,,,99424,,,299352,,10201,2741,,1115462,,,56558,,,,353166,,,202033,1708537,,,,947435,321704,,283680,27617
35247,5475801,01,,15481,,19826,,,101199,,,309605,,9640,2539,,1119340,,,56074,,,,351169,,,203874,1711676,,,,944095,324347,,279623,27313
35278,5484385,01,,15410,,19732,,,102977,,,319713,,9300,2343,,1119390,,,55358,,,,349973,,,205376,1711675,,,,942110,326769,,277397,26862
35309,5523966,01,,15569,,19900,,,105405,,,327336,,8984,2207,,1118283,,,54836,,,,350244,,,206589,1742690,,,,939820,329051,,276234,26818
35339,5535781,01,,15664,,19132,,,108093,,,340046,,8806,2056,,1123249,,,54691,,,,347944,,,201950,1743133,,,,938620,330996,,275134,26267
35370,5555910,01,,15612,,,,,109789,,,348411,,8534,,,1125105,,,56183,,,,346832,,,201804,1749517,,44372,,942610,332200,,274941,
35400,5571482,01,,15645,,,,,111188,,,354903,,8353,,,1133232,,,55535,,,,345340,,,202487,1757864,,43728,,934768,334238,,274201,
35431,5586833,01,,15687,,,,,113139,,,361162,,7956,,,1141436,,,55002,,,,344094,,,202773,1766417,,43822,,925798,337435,,272112,
35462,5603421,01,,15490,,,,,114901,,,365117,,7716,,,1147101,,,54946,,,,341801,,,203311,1780404,,43404,,917377,341619,,270234,
35490,5615828,01,,15514,,,,,116971,,,368421,,7550,,,1150947,,,55098,,,,340362,,,203387,1789783,,42915,,910777,346473,,267630,
35521,5633068,01,,15610,,,,,118176,,,371764,,7372,,,1157367,,,55505,,,,338608,,,204799,1798544,,42422,,907163,350257,,265481,
35551,5641959,01,,15725,,,,,118301,,,374019,,7224,,,1158515,,,55767,,,,337467,,,206615,1808052,,40966,,904253,351002,,264053,
35582,5653223,01,,15652,,,,,118685,,,375761,,7099,,,1164168,,,56720,,,,338704,,,206646,1814479,,38503,,902515,351127,,263164,
35612,5664055,01,,15499,,,,,119373,,,380444,,7150,,,1171462,,,56917,,,,336147,,,206560,1818059,,36450,,902450,351126,,262418,
35643,5693729,01,,15325,,,,,120183,,,385782,,7349,,,1172345,,,56929,,,,334183,,,209329,1841191,,34677,,902860,350950,,262626,
35674,5714689,01,,15174,,,,,120991,,,391413,,7402,,,1177466,,,56915,,,,331838,,,212325,1845937,,33797,,906369,352016,,263046,
35704,5738994,01,,14985,,,,,122951,,,400517,,7575,,,1190075,,,56708,,,,330284,,,218139,1841537,,32924,,907663,352813,,262823,
35735,5762933,01,,14930,,,,,124607,,,403952,,7803,,,1206751,,,56028,,,,328470,,,221829,1845597,,32559,,907286,353702,,259419,
35765,5780400,01,,14893,,,,,125644,,,405343,,8009,,,1223811,,,55567,,,,326055,,,225372,1848070,,32340,,905402,354404,,255490,
35796,5800467,01,,14720,,,,,126264,,,406892,,8148,,,1238069,,,56115,,,,324980,,,228709,1849770,,32518,,905999,356881,,251402,
35827,5812099,01,,14654,,,,,127311,,,406758,,8163,,,1240751,,,56053,,,,325087,,,228846,1854297,,32901,,908522,358050,,250706,
35855,5825969,01,,14603,,,,,128187,,,407751,,8182,,,1245238,,,56142,,,,324894,,,229303,1858139,,33065,,911400,359270,,249795,
35886,5834769,01,,14564,,,,,128241,,,408314,,8219,,,1248225,,,56191,,,,324330,,,229762,1862225,,33184,,912341,360082,,249091,
35916,5839647,01,,14443,,,,,128429,,,409499,,8326,,,1252239,,,55915,,,,322791,,,231481,1866054,,33186,,912156,359698,,245430,
35947,5843492,01,,14197,,,,,126013,,,408023,,8823,,,1262040,,,55959,,,,321466,,,227562,2116238,,32564,,910631,359976,,,
35977,5853045,01,,13983,,,,,124778,,,409703,,9240,,,1270429,,,55791,,,,320719,,,224895,2120196,,31961,,911353,359997,,,
36008,5860391,01,,13851,,,,,,,,410928,,9539,,,1275972,,,55646,,,,319857,,,224047,2124646,,31319,,913076,,481510,,
36039,5869622,01,,13772,,,,,,,,415305,,10074,,,1277994,,,85470,,,,320847,,,223865,2129374,,,,916227,,476694,,
36069,5888720,01,,,24223,,,,,,,415354,,,,,1294330,,,83840,,,,319173,,,224634,2134075,,,,917599,,475492,,
36100,5950694,01,,,24471,,,,,,,414026,,,,,1327537,,,83482,,,,315741,,,223768,2171460,,,,918867,,471342,,
36130,5966143,01,,,24590,,,,,,,410597,,,,,1334496,,,82969,,,,315823,,,224726,2174402,,,,922301,,476239,,
36161,5971211,01,,,24603,,,,,,,409210,,,,,1337233,,,82542,,,,315526,,,,2400042,,,,923651,,478404,,
36192,5978479,01,,,24626,,,,,,,407543,,,,,1339770,,,82333,,,,315641,,,,2404948,,,,923052,,480566,,
36220,5984508,01,,,24608,,,,,,,408868,,,,,1342810,,,82823,,,,315901,,,,2401792,,,,924493,,483213,,
36251,5989689,01,,,24566,,,,,,,410741,,,,,1343429,,,83145,,,,315370,,,,2400120,,,,925707,,486611,,
36281,5993206,01,,,24533,,,,,,,413238,,,,,1344627,,,83399,,,,314759,,,,2400582,,,,926277,,485791,,
36312,5995985,01,,,24512,,,,,,,414743,,,,,1344331,,,84394,,,,314150,,,,2398997,,,,928321,,486537,,
36342,6000359,01,,,24690,,,,,,,415588,,,,,1346040,,,85322,,,,314013,,,,2398251,,,,929646,,486809,,
36373,6004977,01,,,24774,,,,,,,416464,,,,,1347577,,,86012,,,,314246,,,,2401592,,,,929817,,484495,,
36404,6055176,01,,,24976,,,,,,,417453,,,,,1355287,,,86173,,,,315840,,,,2416909,,,,951730,,486808,,
36434,6088944,01,,,25111,,,,,,,423198,,,,,1378520,,,87115,,,,314258,,,,2420723,,,,951011,,489008,,
36465,6096573,01,,,25204,,,,,,,423608,,,,,1379845,,,87174,,,,313999,,,,2426609,,,,950342,,489792,,
36495,6105731,01,,,25381,,,,,,,422344,,,,,1385211,,,87408,,,,314157,,,,2429742,,,,949366,,492122,,
36526,6112361,01,,,25671,,,,,,,420957,,,,,1385151,,,87927,,,,313769,,,,2436659,,,,949939,,492288,,
36557,6122676,01,,,26126,,,,,,,422042,,,,,1385553,,,88898,,,,314000,,,,2443494,,,,950058,,492505,,
36586,6132650,01,,,26465,,,,,,,422481,,,,,1387524,,,89446,,,,312901,,,,2449884,,,,951567,,492382,,
36617,6138756,01,,,26726,,,,,,,421198,,,,,1388545,,,90326,,,,313135,,,,2453985,,,,952410,,492431,,
36647,6148085,01,,,26958,,,,,,,421891,,,,,1390254,,,90706,,,,313001,,,,2458770,,,,952997,,493508,,
36678,6154023,01,,,27194,,,,,,,422669,,,,,1391678,,,91724,,,,312837,,,,2461695,,,,953141,,493085,,
36708,6158187,01,,,27092,,,,,,,423181,,,,,1391744,,,92442,,,,313027,,,,2465188,,,,952548,,492965,,
36739,6162966,01,,,26854,,,,,,,423873,,,,,1393416,,,92913,,,,312431,,,,2468868,,,,951638,,492973,,
36770,6240276,01,,,26592,,,,,,,424119,,,,,1400269,,,92970,,,,313506,,,,2533701,,,,953723,,495396,,
36800,6272338,01,,,26440,,,,,,,426310,,,,,1427477,,,93563,,,,312736,,,,2536875,,,,952981,,495956,,
36831,6276296,01,,,26050,,,,,,,426217,,,,,1428294,,,93576,,,,312552,,,,2539608,,,,953365,,496634,,
36861,6280191,01,,,25728,,,,,,,426034,,,,,1431335,,,93141,,,,311992,,,,2542155,,,,952857,,496949,,
36892,6289844,01,,,25338,,,,,,,426543,,,,,1434485,,,91812,,,,311910,,,,2547634,,,,954240,,497882,,
36923,6298750,01,,,,,,,,,,426788,,,,,1439401,,,115406,,,,312080,,,,2552673,,,,954635,,497767,,
36951,6308001,01,,,,,,,,,,426611,,,,,1442525,,,113868,,,,311726,,,,2559226,,,,955842,,498203,,
36982,6314640,01,,,,,,,,,,426984,,,,,1443304,,,112549,,,,311645,,,,2566302,,,,956773,,497083,,
37012,6324814,01,,,,,,,,,,427431,,,,,1447361,,,111357,,,,311927,,,,2572598,,,,957161,,496979,,
37043,6331239,01,,,,,,,,,,427863,,,,,1449304,,,110104,,,,312173,,,,2578589,,,,957643,,495563,,
37073,6338793,01,,,,,,,,,,428506,,,,,1452114,,,109098,,,,312098,,,,2584230,,,,957761,,494986,,
37104,6345518,01,,,,,,,,,,428991,,,,,1453593,,,108543,,,,311885,,,,2589234,,,,958094,,495178,,
37135,6387766,01,,,,,,,,,,431466,,,,,1461378,,,108025,,,,312800,,,,2616776,,,,959576,,497745,,
37165,6395288,01,,,,,,,,,,431431,,,,,1465846,,,107932,,,,312813,,,,2619164,,,,959306,,498796,,
37196,6421337,01,,,,,,,,,,431243,,,,,1487801,,,107997,,,,312526,,,,2622207,,,,959528,,500035,,
37226,6427656,01,,,,,,,,,,431459,,,,,1488371,,,108235,,,,312876,,,,2626043,,,,960090,,500582,,
37257,6439937,01,,,,,,,,,,432156,,,,,1491066,,,108859,,,,312919,,,,2632570,,,,960708,,501659,,
37288,6449022,01,,,,,,,,,,432209,,,,,1494126,,,109595,,,,313421,,,,2637033,,,,960575,,502063,,
37316,6458117,01,,,,,,,,,,432850,,,,,1496886,,,109891,,,,313234,,,,2642124,,,,960233,,502899,,
37347,6469210,01,,,,,,,,,,433475,,,,,1499782,,,110241,,,,313624,,,,2647149,,,,961794,,503145,,
37377,6477244,01,,,,,,,,,,433980,,,,,1502824,,,110449,,,,313508,,,,2651672,,,,961339,,503472,,
37408,6480819,01,,,,,,,,,,434465,,,,,1503582,,,110917,,,,313436,,,,2655666,,,,959658,,503095,,
37438,6489416,01,,,,,,,,,,434652,,,,,1507792,,,111212,,,,313002,,,,2659798,,,,959665,,503295,,
37469,6496814,01,,,,,,,,,,435677,,,,,1510675,,,111381,,,,312988,,,,2661994,,,,960720,,503379,,
37500,6537027,01,,,,,,,,,,438750,,,,,1517644,,,111470,,,,313507,,,,2691044,,,,961532,,503080,,
37530,6545654,01,,,,,,,,,,439449,,,,,1520037,,,111816,,,,313176,,,,2693843,,,,961617,,505716,,
37561,6663663,01,,,,,,,,,,440499,,,,,1598105,,,113230,,,,312649,,,,2697004,,,,991284,,510892,,
37591,6708491,01,,,,,,,,,,441116,,,,,1632516,,,113817,,,,315863,,,,2700558,,,,992792,,511829,,
37622,6837883,01,,,,,,,,,,441673,,,,,1636592,,,114109,,,,315562,,,,2824685,,,,992618,,512644,,
37653,6834953,01,,,,,,,,,,441234,,,,,1636400,,,114112,,,,315647,,,,2821941,,,,992175,,513444,,
37681,6862647,01,,,,,,,,,,441453,,,,,1637850,,,114186,,,,316064,,,,2847700,,,,991467,,513927,,
37712,6862189,01,,,,,,,,,,442296,,,,,1638000,,,113967,,,,315915,,,,2847379,,,,990377,,514255,,
37742,6876479,01,,,,,,,,,,443723,,,,,1640553,,,107203,,,,315948,,,,2859949,,,,991368,,517735,,
37773,6883566,01,,,,,,,,,,445064,,,,,1642821,,,100253,,,,316103,,,,2864913,,,,993600,,520812,,
37803,6887400,01,,,,,,,,,,446482,,,,,1643250,,,97372,,,,315947,,,,2868383,,,,992954,,523012,,
37834,6885882,01,,,,,,,,,,447713,,,,,1645481,,,95601,,,,315700,,,,2862625,,,,992659,,526103,,
37865,6904906,01,,,,,,,,,,451114,,,,,1650292,,,94296,,,,315859,,,,2870182,,,,993580,,529583,,
37895,6957094,01,,,,,,,,,,452547,,,,,1651124,,,94900,,,,315014,,,,2917614,,,,992511,,533384,,
37926,6966256,01,,,,,,,,,,453838,,,,,1651004,,,95550,,,,315043,,,,2922704,,,,992276,,535841,,
37956,6979351,01,,,,,,,,,,455269,,,,,1651572,,,95761,,,,314662,,,,2931461,,,,992327,,538299,,
37987,6986025,01,,,,,,,,,,456340,,,,,1653039,,,96534,,,,314317,,,,2933772,,,,991826,,540197,,
38018,6996699,01,,,,,,,,,,457562,,,,,1655194,,,96234,,,,314685,,,,2939438,,,,990936,,542650,,
38047,7004146,01,,,,,,,,,,458722,,,,,1658655,,,,,,,,410863,,,2940189,,,,990276,,545441,,
38078,7018940,01,,,,,,,,,,461780,,,,,1661878,,,,,,,,410817,,,2945207,,,,990204,,549054,,
38108,7030973,01,,,,,,,,,,462657,,,,,1673484,,,,,,,,410076,,,2942667,,,,989159,,552930,,
38139,7046146,01,,,,,,,,,,463943,,,,,1674974,,,,,,,,408383,,,2953884,,,,988043,,556919,,
38169,6991967,01,,,,,,,,,,461170,,,,,1661386,,,,,,,,407952,,,2924817,,,,978012,,558630,,
38200,7016009,01,,,,,,,,,,463574,,,,,1672389,,,,,,,,406606,,,2945365,,,,966027,,562048,,
38231,7038691,01,,,,,,,,,,463281,,,,,1675735,,,,,,,,406387,,,2954458,,,,974240,,564590,,
38261,7035512,01,,,,,,,,,,464142,,,,,1679385,,,,,,,,406165,,,2941558,,,,974429,,569833,,
38292,7058895,01,,,,,,,,,,464961,,,,,1702668,,,,,,,,406957,,,2933912,,,,973860,,576537,,
38322,7080646,01,,,,,,,,,,465470,,,,,1716659,,,,,,,,408031,,,2936321,,,,974402,,579763,,
38353,7101951,01,,,,,,,,,,467024,,,,,1720300,,,,,,,,408140,,,2945341,,,,973388,,587758,,
38384,7109964,01,,,,,,,,,,468000,,,,,1713085,,,,,,,,408217,,,2952476,,,,973493,,594693,,
38412,7126696,01,,,,,,,597913,,,469726,,,,,1718015,,,,,,,,408051,,,2958047,,,,974944,,,,
38443,7132983,01,,,,,,,596386,,,470971,,,,,1720942,,,,,,,,407699,,,2962696,,,,974289,,,,
38473,7139213,01,,,,,,,602121,,,472940,,,,,1722598,,,,,,,,406873,,,2971405,,,,963276,,,,
38504,7282776,01,,,,,,,608508,,,476650,,,,,1726023,,,,,,,,404554,,,3097079,,,,969962,,,,
38534,7293239,01,,,,,,,613737,,,478308,,,,,1729455,,,,,,,,404517,,,3098123,,,,969099,,,,
38565,7293884,01,,,,,,,618301,,,480020,,,,,1734474,,,,,,,,404061,,,3090520,,,,966508,,,,
38596,7313832,01,,,,,,,623255,,,481068,,,,,1739051,,,,,,,,402851,,,3099929,,,,967678,,,,
38626,7325873,01,,,,,,,628601,,,486698,,,,,1742612,,,,,,,,402939,,,3098795,,,,966228,,,,
38657,7350591,01,,,,,,,635877,,,488631,,,,,1743544,,,,,,,,402571,,,3113618,,,,966350,,,,
38687,7394506,01,,,,,,,641258,,,489833,,,,,1769809,,,,,,,,402589,,,3126661,,,,964356,,,,
38718,7402626,01,,,,,,,650170,,,490807,,,,,1770423,,,,,,,,402380,,,3126147,,,,962699,,,,
38749,7425357,01,,,,,,,660600,,,491664,,,,,1774987,,,,,,,,403784,,,3130325,,,,963997,,,,
38777,7437749,01,,,,,,,668534,,,492448,,,,,1778948,,,,,,,,404469,,,3130445,,,,962905,,,,
38808,7451866,01,,,,,,,674853,,,493484,,,,,1782613,,,,,,,,404962,,,3134922,,,,961032,,,,
38838,7463960,01,,,,,,,680105,,,495091,,,,,1785990,,,,,,,,404003,,,3138396,,,,960375,,,,
38869,7526696,01,,,,,,,684819,,,499127,,,,,1788778,,,,,,,,402831,,,3189188,,,,961953,,,,
38899,7534294,01,,,,,,,689305,,,500295,,,,,1791261,,,,,,,,402552,,,3189052,,,,961829,,,,
38930,7537532,01,,,,,,,695115,,,502267,,,,,1797322,,,,,,,,401479,,,3181477,,,,959872,,,,
38961,7565585,01,,,,,,,701018,,,507773,,,,,1800487,,,,,,,,404029,,,3191107,,,,961171,,,,
38991,7588176,01,,,,,,,703584,,,512114,,,,,1804594,,,,,,,,403171,,,3200216,,,,964497,,,,
39022,7606844,01,,,,,,,707820,,,515231,,,,,1809635,,,,,,,,402233,,,3215341,,,,956584,,,,
39052,7683451,01,,,,,,,713332,,,517767,,,,,1859265,,,,,,,,401470,,,3232131,,,,959486,,,,
39083,7704774,01,,,,,,,720917,,,519702,,,,,1865058,,,,,,,,400956,,,3236496,,,,961645,,,,
39114,7727883,01,,,,,,,732807,,,520377,,,,,1869019,,,,,,,,400784,,,3243317,,,,961579,,,,
39142,7751077,01,,,,,,,743112,,,521383,,,,,1875843,,,,,,,,400108,,,3246434,,,,964197,,,,
39173,7804816,01,,,,,,,753791,,,527787,,,,,1884752,,,,,,,,399604,,,3274396,,,,964486,,,,
39203,7829662,01,,,,,,,760917,,,530621,,,,,1894261,,,,,,,,399851,,,3278195,,,,965817,,,,
39234,7851232,01,,,,,,,766817,,,534277,,,,,1902137,,,,,,,,399865,,,3281587,,,,966549,,,,
39264,7866091,01,,,,,,,772096,,,536369,,,,,1907582,,,,,,,,399873,,,3284230,,,,965941,,,,
39295,7884859,01,,,,,,,775893,,,538677,,,,,1913279,,,,,,,,399648,,,3291850,,,,965512,,,,
39326,7908791,01,,,,,,,777062,,,542713,,,,,1919645,,,,,,,,399713,,,3303058,,,,966600,,,,
39356,7939821,01,,,,,,,780272,,,545892,,,,,1927158,,,,,,,,400747,,,3316361,,,,969391,,,,
39387,7958340,01,,,,,,,786348,,,547242,,,,,1935630,,,,,,,,400970,,,3318390,,,,969760,,,,
39417,8043808,01,,,,,,,793265,,,547873,,,,,1947344,,,,,,,,401062,,,3383795,,,,970469,,,,
39448,8069850,01,,,,,,,800978,,,552112,,,,,1956273,,,,,,,,400712,,,3387532,,,,972243,,,,
39479,8110261,01,,,,,,,812721,,,555076,,,,,1960760,,,,,,,,400546,,,3393260,,,,987898,,,,
39508,8149736,01,,,,,,,823110,,,557666,,,,,1973073,,,,,,,,400319,,,3407911,,,,987657,,,,
39539,8185534,01,,,,,,,,1804029,,560423,,,,,1987319,,,,,,,,399807,,,3433956,,,,,,,,
39569,8215672,01,,,,,,,,1808312,,563663,,,,,1998404,,,,,,,,400134,,,3445159,,,,,,,,
39600,8240481,01,,,,,,,,1810949,,566387,,,,,2008478,,,,,,,,401064,,,3453603,,,,,,,,
39630,8261894,01,,,,,,,,1819219,,568686,,,,,2014190,,,,,,,,401418,,,3458381,,,,,,,,
39661,8287198,01,,,,,,,,1832184,,570888,,,,,2020854,,,,,,,,400560,,,3462712,,,,,,,,
39692,8308264,01,,,,,,,,1838334,,572773,,,,,2023362,,,,,,,,399155,,,3474640,,,,,,,,
39722,8337523,01,,,,,,,,1847964,,573699,,,,,2028166,,,,,,,,398903,,,3488791,,,,,,,,
39753,8372022,01,,,,,,,,1858248,,573955,,,,,2036952,,,,,,,,398785,,,3504082,,,,,,,,
39783,8372475,01,,,,,,,,1865465,,575081,,,,,2047924,,,,,,,,397881,,,3486124,,,,,,,,
39814,8390014,01,,,,,,,,1873790,,576895,,,,,2052955,,,,,,,,397195,,,3489179,,,,,,,,
39845,8416241,01,,,,,,,,1887465,,579156,,,,,2060242,,,,,,,,397529,,,3491849,,,,,,,,
39873,8439030,01,,,,,,,,1895758,,580824,,,,,2070576,,,,,,,,397561,,,3494311,,,,,,,,
39904,8469995,01,,,,,,,,1896111,,583081,,,,,2074223,,,,,,,,397557,,,3519023,,,,,,,,
39934,8489935,01,,,,,,,,1899813,,584148,,,,,2093501,,,,,,,,397570,,,3514903,,,,,,,,
39965,8504703,01,,,,,,,,1901709,,584776,,,,,2098406,,,,,,,,397651,,,3522161,,,,,,,,
39995,8506849,01,,,,,,,,1903810,,586014,,,,,2103971,,,,,,,,397426,,,3515628,,,,,,,,
40026,8523282,01,,,,,,,,1904682,,587608,,,,,2112212,,,,,,,,398542,,,3520238,,,,,,,,
40057,8536301,01,,,,,,,,1905750,,588840,,,,,2119016,,,,,,,,397510,,,3525185,,,,,,,,
40087,8542079,01,,,,,,,,1907067,,590640,,,,,2122781,,,,,,,,396465,,,3525126,,,,,,,,
40118,8551599,01,,,,,,,,1908132,,592779,,,,,2128460,,,,,,,,395987,,,3526241,,,,,,,,
40148,8558713,01,,,,,,,,1911447,,593958,,,,,2132388,,,,,,,,395117,,,3525803,,,,,,,,
40179,8579577,01,,,,,,,,1915662,,595749,,,,,2141658,,,,,,,,394577,,,3531931,,,,,,,,
40210,8599423,01,,,,,,,,1924714,,597897,,,,,2153088,,,,,,,,395020,,,3528704,,,,,,,,
40238,8621883,01,,,,,,,,1932115,,599142,,,,,2156649,,,,,,,,397028,,,3536949,,,,,,,,
40269,8651306,01,,,,,,,,1936814,,600574,,,,,2170693,,,,,,,,396179,,,3547046,,,,,,,,
40299,8662384,01,,,,,,,,1937441,,602350,,,,,2180641,,,,,,,,393640,,,3548312,,,,,,,,
40330,8687843,01,,,,,,,,1940879,,603776,,,,,2188533,,,,,,,,393664,,,3560991,,,,,,,,
40360,8702771,01,,,,,,,,1942803,,605601,,,,,2195542,,,,,,,,393603,,,3565222,,,,,,,,
40391,8712169,01,,,,,,,,1946208,,606393,,,,,2200008,,,,67,,,,392911,,,3566582,,,,,,,,
40422,8718025,01,,,,,,,,1944094,,606469,,,,,2198192,,,,9494,,,,392429,,,3567347,,,,,,,,
40452,8724174,01,,,,,,,,1942436,,607633,,,,,2198395,,,,24387,,,,391940,,,3559383,,,,,,,,
40483,8726019,01,,,,,,,,1940500,,607093,,,,,2196189,,,,36771,,,,391634,,,3553832,,,,,,,,
40513,8751068,01,,,,,,,,1939670,,607048,,,,,2195330,,,,59356,,,,391295,,,3558369,,,,,,,,
40544,8768893,01,,,,,,,,1938911,,608491,,,,,2193712,,,,81948,,,,392139,,,3553692,,,,,,,,
40575,8788354,01,,,,,,,,1936894,,609249,,,,,2191304,,,,110183,,,,391109,,,3549615,,,,,,,,
40603,8854861,01,,,,,,,,1935124,,609219,,,,,2189447,,,,186919,,,,390440,,,3543712,,,,,,,,
40634,8839657,01,,,,,,,,1932600,,607079,,,,,2180119,,,,190214,,,,390290,,,3539355,,,,,,,,
40664,8880378,01,,,,,,,,1930964,,607849,,,,,2179309,,,,239241,,,,390573,,,3532442,,,,,,,,
40695,8886446,01,,,,,,,,1928037,,608528,,,,,2180096,,,,255194,,,,391422,,,3523169,,,,,,,,
40725,8922562,01,,,,,,,,1927069,,609372,,,,,2177734,,,,300070,,,,392087,,,3516230,,,,,,,,
40756,8912331,01,,,,,,,,1925736,,610372,,,,,2175626,,,,299760,,,,392523,,,3508314,,,,,,,,
40787,8925822,01,,,,,,,,1924764,,611063,,,,,2172402,,,,325721,,,,392739,,,3499133,,,,,,,,
40817,8936214,01,,,,,,,,1920586,,612458,,,,,2169113,,,,350084,,,,393289,,,3490684,,,,,,,,
40848,8944236,01,,,,,,,,1916747,,612721,,,,,2170311,,,,368724,,,,392284,,,3483449,,,,,,,,
40878,8957495,01,,,,,,,,1914930,,614733,,,,,2167343,,,,391732,,,,392518,,,3476239,,,,,,,,
