<?xml version="1.0" encoding="UTF-8"?>
<dspl xmlns:xsi="http://www.w3.org/2001/XMLSchema-instance" xmlns:quantity="http://www.google.com/publicdata/dataset/google/quantity" xmlns:entity="http://www.google.com/publicdata/dataset/google/entity" xmlns:geo="http://www.google.com/publicdata/dataset/google/geo" xmlns:time="http://www.google.com/publicdata/dataset/google/time" xmlns:unit="http://www.google.com/publicdata/dataset/google/unit" targetNamespace="" xmlns="http://schemas.google.com/dspl/2010">
  <!--Lineas de importacion de conceptos-->
  <import namespace="http://www.google.com/publicdata/dataset/google/quantity"/>
  <import namespace="http://www.google.com/publicdata/dataset/google/entity"/>
  <import namespace="http://www.google.com/publicdata/dataset/google/geo"/>
  <import namespace="http://www.google.com/publicdata/dataset/google/time"/>
  <import namespace="http://www.google.com/publicdata/dataset/google/unit"/>
  <!--Lineas de informacion-->
  <info>
    <name>
      <value xml:lang="es">Afiliados al seguro de cesantía</value>
    </name>
    <description>
      <value xml:lang="es">Esto es sólo una prueba</value>
    </description>
  </info>
  <!--Lineas del proveedor de datos-->
  <provider>
    <name>
      <value xml:lang="es">SPensiones</value>
    </name>
  </provider>
  <!--Concepts Def-->
  <concepts>
    <concept id="fondo" extends="entity:entity">
      <info>
        <name>
          <value xml:lang="es">Fondo</value>
        </name>
      </info>
      <type ref="string"/>
      <table ref="fondo_table"/>
    </concept>
    <concept id="rentabilidad_mensual">
      <info>
        <name>
          <value xml:lang="es">Rentabilidad Mensual</value>
        </name>
      </info>
      <type ref="float"/>
    </concept>
    <concept id="rentabilidad_ultimo_quarter">
      <info>
        <name>
          <value xml:lang="es">Rentabilidad Ultimo Trimestre</value>
        </name>
      </info>
      <type ref="float"/>
    </concept>
    <concept id="rentabilidad_ultimo_semonthtre">
      <info>
        <name>
          <value xml:lang="es">Rentabilidad Ultimo Semestre</value>
        </name>
      </info>
      <type ref="float"/>
    </concept>
    <concept id="acumulado_del_year_en_curso">
      <info>
        <name>
          <value xml:lang="es">Acumulado del AÃ±o en Curso</value>
        </name>
      </info>
      <type ref="float"/>
    </concept>
    <concept id="rentabilidad_de_los_ultimos_12_monthes">
      <info>
        <name>
          <value xml:lang="es">Rentabilidad de los Ultimos 12 meses</value>
        </name>
      </info>
      <type ref="float"/>
    </concept>
    <concept id="promedio_acumulado">
      <info>
        <name>
          <value xml:lang="es">Promedio Acumulado</value>
        </name>
      </info>
      <type ref="float"/>
    </concept>
    <concept id="solicitudes_de_prestaciones_por_cesantia_efectivamente_pagadas">
      <info>
        <name>
          <value xml:lang="es">Solicitudes de prestaciones por cesantÃ­a efectivamente pagadas</value>
        </name>
      </info>
      <type ref="float"/>
    </concept>
    <concept id="afiliados_que_recibieron_pago_de_la_prestacion_por_cesantia">
      <info>
        <name>
          <value xml:lang="es">Afiliados que recibieron pago de la prestaciÃ³n por cesantÃ­a</value>
        </name>
      </info>
      <type ref="float"/>
    </concept>
    <concept id="numero_de_nuevos_afiliados_en_el_month">
      <info>
        <name>
          <value xml:lang="es">NÃºmero de Nuevos Afiliados en el Mes</value>
        </name>
      </info>
      <type ref="float"/>
    </concept>
    <concept id="remuneracion_imponible_promedio">
      <info>
        <name>
          <value xml:lang="es">RemuneraciÃ³n imponible promedio</value>
        </name>
      </info>
      <type ref="float"/>
    </concept>
    <concept id="afiliacion" extends="entity:entity">
      <info>
        <name>
          <value xml:lang="es">AfiliaciÃ³n</value>
        </name>
      </info>
      <type ref="string"/>
      <table ref="afiliacione_table"/>
    </concept>
    <concept id="contrato" extends="entity:entity">
      <info>
        <name>
          <value xml:lang="es">Contrato</value>
        </name>
      </info>
      <type ref="string"/>
      <table ref="contrato_table"/>
    </concept>
    <concept id="sexo" extends="entity:entity">
      <info>
        <name>
          <value xml:lang="es">Sexo</value>
        </name>
      </info>
      <type ref="string"/>
      <table ref="sexo_table"/>
    </concept>
  </concepts>
  <!--Slices Def-->
  <slices>
    <slice id="fondos_mensual_fond_slice">
      <dimension concept="time:month"/>
      <dimension concept="fondo"/>
      <metric concept="rentabilidad_mensual"/>
      <metric concept="rentabilidad_ultimo_quarter"/>
      <metric concept="rentabilidad_ultimo_semonthtre"/>
      <metric concept="acumulado_del_year_en_curso"/>
      <metric concept="rentabilidad_de_los_ultimos_12_monthes"/>
      <metric concept="promedio_acumulado"/>
      <table ref="fondos_mensual_fond_table"/>
    </slice>
    <slice id="personas_me_slice">
      <dimension concept="time:month"/>
      <metric concept="solicitudes_de_prestaciones_por_cesantia_efectivamente_pagadas"/>
      <metric concept="afiliados_que_recibieron_pago_de_la_prestacion_por_cesantia"/>
      <metric concept="numero_de_nuevos_afiliados_en_el_month"/>
      <metric concept="remuneracion_imponible_promedio"/>
      <table ref="personas_me_table"/>
    </slice>
    <slice id="personas_mes_afiliacio_slice">
      <dimension concept="time:month"/>
      <dimension concept="afiliacion"/>
      <metric concept="numero_de_nuevos_afiliados_en_el_month"/>
      <table ref="personas_mes_afiliacio_table"/>
    </slice>
    <slice id="personas_mes_contrat_slice">
      <dimension concept="time:month"/>
      <dimension concept="contrato"/>
      <metric concept="solicitudes_de_prestaciones_por_cesantia_efectivamente_pagadas"/>
      <metric concept="afiliados_que_recibieron_pago_de_la_prestacion_por_cesantia"/>
      <metric concept="remuneracion_imponible_promedio"/>
      <table ref="personas_mes_contrat_table"/>
    </slice>
    <slice id="personas_mes_contrato_sex_slice">
      <dimension concept="time:month"/>
      <dimension concept="contrato"/>
      <dimension concept="sexo"/>
      <metric concept="solicitudes_de_prestaciones_por_cesantia_efectivamente_pagadas"/>
      <metric concept="afiliados_que_recibieron_pago_de_la_prestacion_por_cesantia"/>
      <metric concept="remuneracion_imponible_promedio"/>
      <table ref="personas_mes_contrato_sex_table"/>
    </slice>
    <slice id="personas_mes_sex_slice">
      <dimension concept="time:month"/>
      <dimension concept="sexo"/>
      <metric concept="solicitudes_de_prestaciones_por_cesantia_efectivamente_pagadas"/>
      <metric concept="afiliados_que_recibieron_pago_de_la_prestacion_por_cesantia"/>
      <table ref="personas_mes_sex_table"/>
    </slice>
  </slices>
  <!--Tables Def-->
  <tables>
    <table id="afiliacione_table">
      <column id="afiliacion" type="string"/>
      <column id="name" type="string"/>
      <data>
        <file format="csv" encoding="utf8">afiliacione.csv</file>
      </data>
    </table>
    <table id="contrato_table">
      <column id="contrato" type="string"/>
      <column id="name" type="string"/>
      <data>
        <file format="csv" encoding="utf8">contrato.csv</file>
      </data>
    </table>
    <table id="fondo_table">
      <column id="fondo" type="string"/>
      <column id="name" type="string"/>
      <data>
        <file format="csv" encoding="utf8">fondo.csv</file>
      </data>
    </table>
    <table id="fondos_mensual_fond_table">
      <column id="month" type="date" format="yyyy-MM"/>
      <column id="fondo" type="string"/>
      <column id="rentabilidad_mensual" type="float"/>
      <column id="rentabilidad_ultimo_quarter" type="float"/>
      <column id="rentabilidad_ultimo_semonthtre" type="float"/>
      <column id="acumulado_del_year_en_curso" type="float"/>
      <column id="rentabilidad_de_los_ultimos_12_monthes" type="float"/>
      <column id="promedio_acumulado" type="float"/>
      <data>
        <file format="csv" encoding="utf8">fondos_mensual_fond.csv</file>
      </data>
    </table>
    <table id="personas_me_table">
      <column id="month" type="date" format="yyyy-MM"/>
      <column id="solicitudes_de_prestaciones_por_cesantia_efectivamente_pagadas" type="float"/>
      <column id="afiliados_que_recibieron_pago_de_la_prestacion_por_cesantia" type="float"/>
      <column id="numero_de_nuevos_afiliados_en_el_month" type="float"/>
      <column id="remuneracion_imponible_promedio" type="float"/>
      <data>
        <file format="csv" encoding="utf8">personas_me.csv</file>
      </data>
    </table>
    <table id="personas_mes_afiliacio_table">
      <column id="month" type="date" format="yyyy-MM"/>
      <column id="afiliacion" type="string"/>
      <column id="numero_de_nuevos_afiliados_en_el_month" type="float"/>
      <data>
        <file format="csv" encoding="utf8">personas_mes_afiliacio.csv</file>
      </data>
    </table>
    <table id="personas_mes_contrat_table">
      <column id="month" type="date" format="yyyy-MM"/>
      <column id="contrato" type="string"/>
      <column id="solicitudes_de_prestaciones_por_cesantia_efectivamente_pagadas" type="float"/>
      <column id="afiliados_que_recibieron_pago_de_la_prestacion_por_cesantia" type="float"/>
      <column id="remuneracion_imponible_promedio" type="float"/>
      <data>
        <file format="csv" encoding="utf8">personas_mes_contrat.csv</file>
      </data>
    </table>
    <table id="personas_mes_contrato_sex_table">
      <column id="month" type="date" format="yyyy-MM"/>
      <column id="contrato" type="string"/>
      <column id="sexo" type="string"/>
      <column id="solicitudes_de_prestaciones_por_cesantia_efectivamente_pagadas" type="float"/>
      <column id="afiliados_que_recibieron_pago_de_la_prestacion_por_cesantia" type="float"/>
      <column id="remuneracion_imponible_promedio" type="float"/>
      <data>
        <file format="csv" encoding="utf8">personas_mes_contrato_sex.csv</file>
      </data>
    </table>
    <table id="personas_mes_sex_table">
      <column id="month" type="date" format="yyyy-MM"/>
      <column id="sexo" type="string"/>
      <column id="solicitudes_de_prestaciones_por_cesantia_efectivamente_pagadas" type="float"/>
      <column id="afiliados_que_recibieron_pago_de_la_prestacion_por_cesantia" type="float"/>
      <data>
        <file format="csv" encoding="utf8">personas_mes_sex.csv</file>
      </data>
    </table>
    <table id="sexo_table">
      <column id="sexo" type="string"/>
      <column id="name" type="string"/>
      <data>
        <file format="csv" encoding="utf8">sexo.csv</file>
      </data>
    </table>
  </tables>
</dspl>
